現チーム,選手名,SS,守備,年齢,生年月日,身長,体重,血液型,投打,出身地,外国人,地域,2020年打席あり,2019年打席あり,2018年打席あり,2020打率,2020試合,2020打席数,2020打数,2020得点,2020安打,2020二塁打,2020三塁打,2020本塁打,2020塁打,2020打点,2020盗塁,2020盗塁刺,2020犠打,2020犠飛,2020四球,2020敬遠,2020死球,2020三振,2020併殺打,2020出塁率,2020長打率,2019打率,2019試合,2019打席数,2019打数,2019得点,2019安打,2019二塁打,2019三塁打,2019本塁打,2019塁打,2019打点,2019盗塁,2019盗塁刺,2019犠打,2019犠飛,2019四球,2019敬遠,2019死球,2019三振,2019併殺打,2019出塁率,2019長打率,2018打率,2018試合,2018打席数,2018打数,2018得点,2018安打,2018二塁打,2018三塁打,2018本塁打,2018塁打,2018打点,2018盗塁,2018盗塁刺,2018犠打,2018犠飛,2018四球,2018敬遠,2018死球,2018三振,2018併殺打,2018出塁率,2018長打率
横浜,ソト,1.0,内野手,32,1989/2/28,185,97,,右右,プエルトリコ,1,海外,1,1,1,0.252,114,480,428,59,108,18,0,25,201,78,0,0,0,5,44,0,3,103,12,0.323,0.47,0.269,141,584,516,82,139,18,0,43,286,108,0,0,0,4,59,4,5,98,14,0.348,0.554,0.31,107,459,416,74,129,16,0,41,268,95,0,1,0,5,29,2,9,100,5,0.364,0.644
横浜,宮﨑　敏郎,1.0,内野手,32,1988/12/12,172,85,B,右右,佐賀,0,九州・沖縄,1,1,1,0.301,113,460,429,47,129,26,1,14,199,53,0,0,0,3,24,2,4,29,15,0.341,0.464,0.284,114,473,433,54,123,22,1,15,192,49,0,0,0,5,32,2,3,35,13,0.334,0.443,0.318,142,590,551,71,175,34,0,28,293,71,0,0,0,0,38,3,1,45,16,0.363,0.532
横浜,オースティン,1.0,外野手,29,1991/9/6,188,100,,右右,アメリカ,1,海外,1,0,0,0.286,65,269,238,36,68,14,1,20,144,56,0,0,0,1,29,1,1,69,4,0.364,0.605,,,,,,,,,,,,,,,,,,,,,,,,,,,,,,,,,,,,,,,,,,,,
横浜,大和,1.0,内野手,33,1987/11/5,177,77,A,右右,鹿児島,0,九州・沖縄,1,1,1,0.281,85,225,199,23,56,7,1,4,77,23,3,3,3,3,20,0,0,28,8,0.342,0.387,0.237,137,490,438,42,104,17,2,0,125,37,3,1,10,2,34,1,6,75,7,0.3,0.285,0.244,113,435,394,54,96,24,3,2,132,27,10,6,9,3,24,1,5,73,0,0.293,0.335
横浜,佐野　恵太,1.0,外野手,26,1994/11/28,178,88,A,右左,岡山,0,中国,1,1,1,0.328,106,451,402,48,132,20,1,20,214,69,0,0,0,3,42,1,4,58,13,0.395,0.532,0.295,89,215,200,23,59,10,0,5,84,33,0,0,0,0,13,1,2,39,9,0.344,0.42,0.23,73,130,126,6,29,4,0,5,48,14,1,0,0,1,3,0,0,26,3,0.246,0.381
横浜,柴田　竜拓,1.0,内野手,27,1993/12/16,167,68,O,右左,岡山,0,中国,1,1,1,0.266,110,276,233,33,62,14,0,2,82,20,0,0,9,1,29,3,4,50,1,0.356,0.352,0.256,111,196,164,22,42,8,1,3,61,17,3,0,10,2,20,1,0,38,3,0.333,0.372,0.219,113,265,224,32,49,6,0,3,64,13,2,1,6,0,30,2,5,45,3,0.324,0.286
横浜,神里　和毅,1.0,外野手,27,1994/1/17,179,81,A,右左,沖縄,0,九州・沖縄,1,1,1,0.308,80,190,169,38,52,8,1,3,71,17,7,1,1,2,15,0,3,42,3,0.37,0.42,0.279,123,458,427,62,119,31,3,6,174,35,15,10,3,0,26,2,2,121,7,0.323,0.407,0.251,86,273,247,31,62,14,3,5,97,21,15,9,4,0,19,1,3,68,4,0.312,0.393
横浜,桑原　将志,0.0,外野手,27,1993/7/21,174,78,B,右右,大阪,0,関西,1,1,1,0.139,34,42,36,8,5,0,0,1,8,2,0,0,1,1,3,0,1,11,2,0.22,0.222,0.186,72,115,102,14,19,3,1,2,30,7,2,0,3,0,9,0,1,26,0,0.259,0.294,0.261,127,421,379,57,99,24,5,9,160,26,17,3,7,0,32,1,3,71,3,0.324,0.422
横浜,戸柱　恭孝,0.0,捕手,30,1990/4/11,179,90,A,右左,鹿児島,0,九州・沖縄,1,1,1,0.212,96,276,259,21,55,8,1,5,80,23,0,2,5,1,11,0,0,53,8,0.244,0.309,0.2,45,111,100,6,20,4,2,1,31,6,0,0,2,1,7,0,1,22,2,0.257,0.31,0.179,25,59,56,5,10,2,0,1,15,6,0,0,1,0,2,0,0,9,3,0.207,0.268
横浜,乙坂　智,0.0,外野手,27,1994/1/6,183,83,O,右左,神奈川,0,関東,1,1,1,0.208,85,115,101,17,21,3,0,1,27,7,5,0,1,1,12,0,0,28,2,0.289,0.267,0.245,97,179,159,19,39,8,2,2,57,17,6,3,3,1,14,2,2,33,3,0.313,0.358,0.204,73,109,93,16,19,2,0,0,21,7,3,3,2,2,12,1,0,22,0,0.29,0.226
横浜,嶺井　博希,0.0,捕手,29,1991/6/4,175,85,B,右右,沖縄,0,九州・沖縄,1,1,1,0.327,41,60,55,2,18,3,0,0,21,8,0,0,0,0,4,0,1,14,1,0.383,0.382,0.211,64,130,114,13,24,4,1,2,36,12,0,0,5,0,7,0,4,23,5,0.28,0.316,0.177,91,230,209,10,37,7,0,5,59,25,0,0,6,1,6,2,8,56,9,0.228,0.282
横浜,田中　俊太,0.0,内野手,27,1993/8/18,178,82,O,右左,神奈川,0,関東,1,1,1,0.265,48,78,68,7,18,2,1,1,25,6,2,0,0,1,8,1,1,15,0,0.346,0.368,0.224,62,176,156,17,35,7,0,4,54,14,2,0,4,2,14,0,0,36,2,0.285,0.346,0.241,99,261,228,20,55,6,3,2,73,12,6,0,10,0,23,0,0,41,7,0.311,0.32
横浜,楠本　泰史,0.0,外野手,25,1995/7/7,180,82,A,右左,大阪,0,関西,1,1,1,0.154,28,29,26,6,4,2,0,1,9,1,0,0,0,0,2,0,1,7,0,0.241,0.346,0.208,39,81,72,6,15,4,0,1,22,6,0,2,0,0,7,0,2,19,1,0.296,0.306,0.205,56,82,73,4,15,3,0,0,18,2,2,1,0,0,6,0,3,19,0,0.293,0.247
横浜,牧　秀悟,0.0,内野手,22,1998/4/21,178,93,O,右右,長野,0,中部,0,0,0,,,,,,,,,,,,,,,,,,,,,,,,,,,,,,,,,,,,,,,,,,,,,,,,,,,,,,,,,,,,,,,,,,
横浜,髙城　俊人,0.0,捕手,27,1993/5/3,176,83,AB,右右,福岡,0,九州・沖縄,1,1,1,0.19,23,46,42,4,8,0,0,3,17,5,0,0,1,0,2,0,1,22,1,0.244,0.405,0.182,5,12,11,1,2,0,0,0,2,0,0,0,0,0,1,0,0,4,0,0.25,0.182,0.136,28,75,66,7,9,1,0,0,10,3,2,0,4,1,2,0,2,25,1,0.183,0.152
横浜,山下　幸輝,0.0,内野手,28,1993/1/31,174,85,B,右左,千葉,0,関東,1,0,1,0.209,39,46,43,2,9,2,0,0,11,1,0,0,0,0,3,0,0,7,1,0.261,0.256,-,-,-,-,-,-,-,-,-,-,-,-,-,-,-,-,-,-,-,-,-,-,0.222,21,65,63,3,14,2,0,1,19,3,1,0,2,0,0,0,0,13,1,0.222,0.302
横浜,森　敬斗,0.0,内野手,19,2002/1/28,175,78,A,右左,静岡,0,中部,1,0,0,0.25,8,12,12,3,3,1,0,0,4,0,0,0,0,0,0,0,0,1,0,0.25,0.333,,,,,,,,,,,,,,,,,,,,,,,,,,,,,,,,,,,,,,,,,,,,
横浜,関根　大気,0.0,外野手,25,1995/6/28,173,78,A,左左,愛知,0,中部,0,1,1,-,-,-,-,-,-,-,-,-,-,-,-,-,-,-,-,-,-,-,-,-,-,0.038,32,27,26,2,1,1,0,0,2,0,0,0,0,0,1,0,0,6,1,0.074,0.077,0.28,29,26,25,4,7,2,1,0,11,3,2,2,1,0,0,0,0,6,0,0.28,0.44
横浜,細川　成也,0.0,外野手,22,1998/8/4,179,93,AB,右右,神奈川,0,関東,1,1,1,0.235,19,54,51,6,12,2,0,1,17,1,1,0,0,0,2,0,1,20,1,0.278,0.333,0.222,36,83,72,9,16,2,0,1,21,10,0,0,0,1,8,0,2,24,1,0.313,0.292,0.222,11,22,18,2,4,1,0,1,8,2,0,0,0,0,3,0,1,11,0,0.364,0.444
横浜,宮本　秀明,0.0,外野手,24,1996/7/24,178,82,O,右左,熊本,0,九州・沖縄,1,1,1,0.4,6,5,5,1,2,0,0,0,2,0,0,1,0,0,0,0,0,3,0,0.4,0.4,0,1,0,0,0,0,0,0,0,0,0,0,0,0,0,0,0,0,0,0,0,0,0.16,21,25,25,6,4,0,0,2,10,2,4,1,0,0,0,0,0,8,1,0.16,0.4
横浜,東妻　純平,0.0,捕手,19,2001/7/3,172,81,AB,右右,和歌山,0,関西,0,0,0,-,-,-,-,-,-,-,-,-,-,-,-,-,-,-,-,-,-,-,-,-,-,,,,,,,,,,,,,,,,,,,,,,,,,,,,,,,,,,,,,,,,,,,,
横浜,知野　直人,0.0,内野手,22,1999/2/16,182,85,A,右右,新潟,0,中部,0,0,0,-,-,-,-,-,-,-,-,-,-,-,-,-,-,-,-,-,-,-,-,-,-,-,-,-,-,-,-,-,-,-,-,-,-,-,-,-,-,-,-,-,-,-,-,,,,,,,,,,,,,,,,,,,,,,
横浜,山本　祐大,0.0,捕手,22,1998/9/11,180,87,A,右右,大阪,0,関西,1,1,1,0,2,3,3,0,0,0,0,0,0,0,0,0,0,0,0,0,0,1,0,0,0,0.333,13,12,12,0,4,0,0,0,4,2,0,0,0,0,0,0,0,3,0,0.333,0.333,1,2,1,1,1,1,0,0,1,4,2,0,0,0,0,0,0,0,0,0,1,4
横浜,益子　京右,0.0,捕手,20,2000/12/27,176,86,A,右右,栃木,0,関東,0,0,0,-,-,-,-,-,-,-,-,-,-,-,-,-,-,-,-,-,-,-,-,-,-,-,-,-,-,-,-,-,-,-,-,-,-,-,-,-,-,-,-,-,-,-,-,,,,,,,,,,,,,,,,,,,,,,
横浜,田部　隼人,0.0,内野手,19,2001/12/22,185,83,O,右右,島根,0,中国,0,0,0,-,-,-,-,-,-,-,-,-,-,-,-,-,-,-,-,-,-,-,-,-,-,,,,,,,,,,,,,,,,,,,,,,,,,,,,,,,,,,,,,,,,,,,,
横浜,デラロサ,0.0,内野手,25,1996/1/24,188,92,,右両,ドミニカ共和国,1,海外,0,0,0,,,,,,,,,,,,,,,,,,,,,,,,,,,,,,,,,,,,,,,,,,,,,,,,,,,,,,,,,,,,,,,,,,
中日,ビシエド,1.0,内野手,32,1989/3/10,185,108,,右右,キューバ,1,海外,1,1,1,0.267,109,462,409,48,109,23,0,17,183,82,3,2,0,10,34,3,9,48,17,0.329,0.447,0.315,143,594,534,56,168,43,0,18,265,93,2,1,0,6,41,9,13,88,22,0.374,0.496,0.348,135,582,512,91,178,26,1,26,284,99,3,4,0,4,51,4,15,61,24,0.419,0.555
中日,平田　良介,1.0,外野手,33,1988/3/23,177,87,B,右右,大阪,0,関西,1,1,1,0.235,55,193,166,26,39,7,0,3,55,17,0,1,0,1,24,2,2,33,4,0.337,0.331,0.278,95,407,360,52,100,21,4,8,153,32,3,6,1,4,38,2,4,53,8,0.35,0.425,0.329,138,568,493,83,162,26,5,9,225,55,8,7,2,3,67,4,3,69,7,0.41,0.456
中日,大野　奨太,1.0,捕手,34,1987/1/13,177,78,O,右右,岐阜,0,中部,0,1,1,-,-,-,-,-,-,-,-,-,-,-,-,-,-,-,-,-,-,-,-,-,-,0.17,34,62,53,6,9,1,0,0,10,3,0,0,3,1,5,0,0,9,2,0.237,0.189,0.197,63,167,137,9,27,4,2,2,41,10,0,0,9,0,20,2,1,31,2,0.304,0.299
中日,高橋　周平,1.0,内野手,27,1994/1/18,180,85,O,右左,神奈川,0,関東,1,1,1,0.305,108,438,394,46,120,25,1,7,168,46,1,1,0,3,39,6,2,70,13,0.368,0.426,0.293,117,471,430,50,126,28,5,7,185,59,3,4,5,1,32,7,3,70,10,0.345,0.43,0.254,128,477,433,35,110,26,2,11,173,69,0,0,8,3,30,1,3,89,9,0.305,0.4
中日,京田　陽太,1.0,内野手,26,1994/4/20,184,88,O,右左,石川,0,中部,1,1,1,0.247,120,491,442,43,109,16,7,5,154,29,8,4,15,1,27,4,6,80,4,0.298,0.348,0.249,140,574,507,46,126,14,5,3,159,40,17,7,24,3,37,3,3,91,10,0.302,0.314,0.235,143,632,578,73,136,15,7,4,177,44,20,10,26,3,19,0,6,111,12,0.266,0.306
中日,ガーバー,1.0,外野手,28,1992/7/8,183,86,,右左,アメリカ,1,海外,0,0,0,,,,,,,,,,,,,,,,,,,,,,,,,,,,,,,,,,,,,,,,,,,,,,,,,,,,,,,,,,,,,,,,,,
中日,阿部　寿樹,0.0,内野手,31,1989/12/3,185,80,B,右右,岩手,0,東北,1,1,1,0.257,115,459,421,44,108,25,0,13,172,61,2,4,5,2,30,0,1,92,21,0.306,0.409,0.291,129,484,447,51,130,24,3,7,181,59,1,0,3,2,31,3,1,82,9,0.337,0.405,0.217,18,26,23,1,5,3,0,0,8,4,0,0,0,0,3,0,0,3,1,0.308,0.348
中日,藤井　淳志,0.0,外野手,39,1981/5/20,183,82,O,右両,愛知,0,中部,0,1,1,-,-,-,-,-,-,-,-,-,-,-,-,-,-,-,-,-,-,-,-,-,-,0.22,61,154,141,12,31,8,1,1,44,12,1,0,0,1,11,0,1,33,3,0.279,0.312,0.241,96,162,145,21,35,8,0,3,52,30,0,0,0,5,12,1,0,36,1,0.29,0.359
中日,堂上　直倫,0.0,内野手,32,1988/9/23,184,86,O,右右,愛知,0,中部,1,1,1,0.2,43,55,50,2,10,2,0,0,12,4,0,1,0,1,4,0,0,11,2,0.255,0.24,0.212,98,217,193,25,41,9,0,12,86,39,1,0,11,0,13,0,0,56,4,0.262,0.446,0.213,74,56,47,3,10,0,0,0,10,6,0,0,2,2,3,0,2,9,2,0.278,0.213
中日,福留　孝介,0.0,外野手,43,1977/4/26,182,90,B,右左,鹿児島,0,九州・沖縄,1,1,1,0.154,43,92,78,3,12,2,0,1,17,12,0,0,0,3,11,0,0,31,4,0.25,0.218,0.256,104,403,348,39,89,16,1,10,137,47,0,0,2,3,49,1,1,85,5,0.347,0.394,0.28,123,499,414,57,116,26,2,14,188,72,2,1,0,7,73,2,5,90,10,0.389,0.454
中日,木下　拓哉,0.0,捕手,29,1991/12/18,183,92,B,右右,高知,0,四国,1,1,1,0.267,88,269,251,19,67,14,1,6,101,32,0,0,5,0,12,2,1,49,1,0.303,0.402,0.227,39,98,88,5,20,6,0,2,32,8,0,0,1,1,5,1,3,22,2,0.289,0.364,0.12,16,28,25,4,3,1,0,1,7,2,0,0,0,0,3,1,0,9,0,0.214,0.28
中日,武田　健吾,0.0,外野手,26,1994/4/18,183,85,O,右右,福岡,0,九州・沖縄,1,1,1,0.182,84,64,55,9,10,2,0,0,12,2,1,0,3,1,5,0,0,13,2,0.246,0.218,0.143,29,36,35,2,5,0,0,0,5,1,0,0,1,0,0,0,0,12,2,0.143,0.143,0.221,69,107,95,12,21,4,1,1,30,12,0,0,5,3,2,0,2,20,2,0.245,0.316
中日,加藤　匠馬,0.0,捕手,28,1992/4/29,175,76,B,右右,三重,0,関西,1,1,0,0.135,29,43,37,0,5,1,0,0,6,1,0,0,5,0,1,1,0,8,1,0.158,0.162,0.228,92,245,224,19,51,7,3,0,64,13,0,0,12,0,9,1,0,57,6,0.258,0.286,-,-,-,-,-,-,-,-,-,-,-,-,-,-,-,-,-,-,-,-,-,-
中日,遠藤　一星,0.0,外野手,32,1989/3/23,182,83,O,右左,東京,0,関東,1,1,1,0.219,65,87,73,16,16,1,0,0,17,4,0,1,4,1,6,0,3,12,1,0.301,0.233,0.27,108,120,111,22,30,4,2,2,44,11,4,4,2,0,5,0,2,28,1,0.314,0.396,0,2,1,1,0,0,0,0,0,0,0,0,0,0,0,0,0,0,0,0,0,0
中日,井領　雅貴,0.0,外野手,31,1989/11/4,174,82,O,右左,千葉,0,関東,1,1,0,0.2,79,155,135,9,27,3,0,0,30,12,0,0,2,0,18,0,0,24,4,0.294,0.222,0.29,55,103,100,9,29,9,1,0,40,9,0,0,0,0,3,0,0,21,0,0.311,0.4,-,-,-,-,-,-,-,-,-,-,-,-,-,-,-,-,-,-,-,-,-,-
中日,根尾　昂,0.0,内野手,20,2000/4/19,177,80,O,右左,岐阜,0,中部,1,1,0,0.087,9,25,23,3,2,0,0,0,2,0,0,0,0,0,2,0,0,7,0,0.16,0.087,0,2,2,2,0,0,0,0,0,0,0,0,0,0,0,0,0,0,2,0,0,0,,,,,,,,,,,,,,,,,,,,,,
中日,郡司　裕也,0.0,捕手,23,1997/12/27,180,86,A,右右,千葉,0,関東,1,0,0,0.156,30,76,64,6,10,3,0,0,13,4,0,0,1,1,9,1,1,19,1,0.267,0.203,,,,,,,,,,,,,,,,,,,,,,,,,,,,,,,,,,,,,,,,,,,,
中日,三好　大倫,0.0,外野手,23,1997/9/28,179,82,O,左左,香川,0,四国,0,0,0,,,,,,,,,,,,,,,,,,,,,,,,,,,,,,,,,,,,,,,,,,,,,,,,,,,,,,,,,,,,,,,,,,
中日,石垣　雅海,0.0,内野手,22,1998/9/21,181,85,B,右右,山形,0,東北,1,1,0,0.121,25,34,33,5,4,0,0,1,7,1,0,0,0,0,1,0,0,12,0,0.147,0.212,0.133,15,15,15,1,2,2,0,0,4,1,0,0,0,0,0,0,0,7,0,0.133,0.267,-,-,-,-,-,-,-,-,-,-,-,-,-,-,-,-,-,-,-,-,-,-
中日,三ツ俣　大樹,0.0,内野手,28,1992/5/11,177,84,O,右右,東京,0,関東,1,1,0,0.167,8,6,6,1,1,0,0,0,1,0,0,0,0,0,0,0,0,2,0,0.167,0.167,0.111,21,33,27,2,3,2,0,0,5,0,0,0,2,0,4,0,0,6,1,0.226,0.185,-,-,-,-,-,-,-,-,-,-,-,-,-,-,-,-,-,-,-,-,-,-
中日,桂　依央利,0.0,捕手,29,1991/7/9,185,90,B,右右,大阪,0,関西,1,1,0,0.222,2,9,9,1,2,1,0,0,3,2,0,0,0,0,0,0,0,3,0,0.222,0.333,0.25,4,9,8,1,2,0,0,0,2,0,0,0,1,0,0,0,0,2,0,0.25,0.25,-,-,-,-,-,-,-,-,-,-,-,-,-,-,-,-,-,-,-,-,-,-
中日,石橋　康太,0.0,捕手,20,2000/12/7,180,87,A,右右,千葉,0,関東,0,1,0,-,-,-,-,-,-,-,-,-,-,-,-,-,-,-,-,-,-,-,-,-,-,0.059,12,18,17,0,1,0,1,0,3,2,0,0,0,0,0,0,1,8,0,0.111,0.176,,,,,,,,,,,,,,,,,,,,,,
中日,伊藤　康祐,0.0,外野手,21,2000/2/3,174,75,AB,右右,愛知,0,中部,0,1,0,-,-,-,-,-,-,-,-,-,-,-,-,-,-,-,-,-,-,-,-,-,-,0.188,14,33,32,6,6,1,0,0,7,1,0,0,1,0,0,0,0,8,0,0.188,0.219,-,-,-,-,-,-,-,-,-,-,-,-,-,-,-,-,-,-,-,-,-,-
中日,滝野　要,0.0,外野手,24,1996/7/8,185,76,B,右左,三重,0,関西,1,0,0,0.286,10,8,7,2,2,0,0,0,2,0,0,0,0,0,1,0,0,1,0,0.375,0.286,-,-,-,-,-,-,-,-,-,-,-,-,-,-,-,-,-,-,-,-,-,-,,,,,,,,,,,,,,,,,,,,,,
中日,山下　斐紹,0.0,捕手,28,1992/11/16,179,93,A,右左,北海道,0,北海道,1,1,1,0,8,8,7,1,0,0,0,0,0,0,0,0,0,0,1,0,0,3,0,0.125,0,0.183,31,66,60,8,11,1,0,3,21,5,0,0,3,0,1,0,2,13,0,0.222,0.35,0.198,43,104,96,10,19,3,0,2,28,9,0,0,1,2,5,0,0,22,2,0.233,0.292
中日,岡林　勇希,0.0,外野手,19,2002/2/22,175,74,O,右左,三重,0,関西,1,0,0,0.286,6,7,7,2,2,0,0,0,2,0,0,0,0,0,0,0,0,2,0,0.286,0.286,,,,,,,,,,,,,,,,,,,,,,,,,,,,,,,,,,,,,,,,,,,,
中日,髙松　渡,0.0,内野手,21,1999/7/2,176,65,A,右左,兵庫,0,関西,0,1,0,-,-,-,-,-,-,-,-,-,-,-,-,-,-,-,-,-,-,-,-,-,-,0,2,0,0,1,0,0,0,0,0,0,0,0,0,0,0,0,0,0,0,0,0,-,-,-,-,-,-,-,-,-,-,-,-,-,-,-,-,-,-,-,-,-,-
中日,石岡　諒太,0.0,内野手,28,1992/5/25,187,90,A,左左,兵庫,0,関西,0,0,0,,,,,,,,,,,,,,,,,,,,,,,-,-,-,-,-,-,-,-,-,-,-,-,-,-,-,-,-,-,-,-,-,-,-,-,-,-,-,-,-,-,-,-,-,-,-,-,-,-,-,-,-,-,-,-
中日,ワカマツ,0.0,内野手,24,1996/10/10,190,93,,右両,アメリカ,1,海外,0,0,0,,,,,,,,,,,,,,,,,,,,,,,,,,,,,,,,,,,,,,,,,,,,,,,,,,,,,,,,,,,,,,,,,,
巨人,丸　佳浩,1.0,外野手,31,1989/4/11,177,94,AB,右左,千葉,0,関東,1,1,1,0.284,120,491,423,63,120,31,1,27,234,77,8,4,3,2,63,4,0,101,3,0.375,0.553,0.292,143,631,535,82,156,26,1,27,265,89,12,5,0,7,86,3,3,125,15,0.388,0.495,0.306,125,566,432,109,132,22,0,39,271,97,10,10,0,1,130,8,3,130,5,0.468,0.627
巨人,スモーク,1.0,内野手,34,1986/12/5,193,99,不明,左両,アメリカ,1,海外,0,0,0,,,,,,,,,,,,,,,,,,,,,,,,,,,,,,,,,,,,,,,,,,,,,,,,,,,,,,,,,,,,,,,,,,
巨人,陽　岱鋼,1.0,外野手,34,1987/1/17,184,89,A,右右,台湾,0,海外,1,1,1,0.238,38,77,63,12,15,1,0,1,19,6,1,0,0,2,9,1,3,21,1,0.351,0.302,0.274,110,231,208,28,57,8,1,4,79,21,0,1,0,0,22,0,1,66,9,0.346,0.38,0.245,87,276,253,24,62,12,2,10,108,37,2,2,3,1,17,1,2,72,7,0.297,0.427
巨人,岡本　和真,1.0,内野手,24,1996/6/30,185,96,A,右右,奈良,0,関西,1,1,1,0.275,118,500,440,79,121,26,0,31,240,97,2,0,0,0,55,2,5,85,10,0.362,0.545,0.265,143,628,555,84,147,29,0,31,269,94,3,0,2,3,62,3,6,132,15,0.343,0.485,0.309,143,616,540,82,167,26,0,33,292,100,2,1,0,0,72,1,4,120,11,0.394,0.541
巨人,炭谷　銀仁朗,1.0,捕手,33,1987/7/19,181,98,O,右右,京都,0,関西,1,1,1,0.18,56,114,100,4,18,2,0,1,23,7,0,0,3,1,8,2,2,23,3,0.252,0.23,0.262,58,138,126,17,33,4,0,6,55,26,0,0,2,1,7,1,2,28,4,0.309,0.437,0.248,47,135,129,10,32,8,0,0,40,9,0,0,3,0,2,0,1,30,3,0.265,0.31
巨人,テームズ,1.0,外野手,34,1986/11/10,180,106,不明,右左,アメリカ,1,海外,0,0,0,,,,,,,,,,,,,,,,,,,,,,,,,,,,,,,,,,,,,,,,,,,,,,,,,,,,,,,,,,,,,,,,,,
巨人,亀井　善行,1.0,外野手,38,1982/7/28,178,82,AB,右左,奈良,0,関西,1,1,1,0.255,51,156,141,21,36,7,0,2,49,17,0,1,1,2,11,0,1,21,3,0.31,0.348,0.284,131,503,450,67,128,27,2,13,198,55,9,1,3,5,45,3,0,91,6,0.346,0.44,0.254,123,461,422,47,107,20,0,13,166,49,4,0,0,1,36,2,2,70,6,0.315,0.393
巨人,小林　誠司,1.0,捕手,31,1989/6/7,178,86,O,右右,大阪,0,関西,1,1,1,0.056,10,21,18,1,1,0,0,0,1,0,0,0,1,0,0,0,2,4,0,0.15,0.056,0.244,92,236,213,20,52,6,0,2,64,19,1,0,11,1,7,0,4,48,12,0.28,0.3,0.219,119,313,265,22,58,9,0,2,73,26,0,0,16,1,27,5,4,58,8,0.3,0.275
巨人,ウィーラー,1.0,内野手,34,1987/1/16,178,100,不明,右右,アメリカ,1,海外,1,1,1,0.247,98,288,263,26,65,9,0,12,110,36,3,3,0,1,22,1,2,47,6,0.309,0.418,0.243,117,472,411,53,100,15,0,19,172,67,3,5,0,10,43,0,8,96,22,0.32,0.418,0.269,106,413,368,36,99,15,0,15,159,58,3,1,0,5,33,3,7,91,13,0.337,0.432
巨人,大城　卓三,0.0,捕手,28,1993/2/11,187,90,B,右左,沖縄,0,九州・沖縄,1,1,1,0.27,93,308,274,30,74,10,1,9,113,41,1,0,1,3,30,6,0,82,1,0.339,0.412,0.265,109,329,294,19,78,16,1,6,114,30,0,1,5,1,25,0,4,80,7,0.33,0.388,0.265,83,202,185,19,49,12,0,4,73,17,0,1,2,0,15,3,0,46,3,0.32,0.395
巨人,吉川　尚輝,0.0,内野手,26,1995/2/8,177,78,A,右左,岐阜,0,中部,1,1,1,0.274,112,389,354,47,97,16,2,8,141,32,11,3,2,0,30,4,3,60,6,0.336,0.398,0.39,11,46,41,7,16,1,0,0,17,3,1,2,2,0,3,0,0,4,1,0.432,0.415,0.253,92,355,316,51,80,16,3,4,114,29,11,4,13,2,19,0,5,61,5,0.304,0.361
巨人,重信　慎之介,0.0,外野手,27,1993/4/17,173,74,A,右左,千葉,0,関東,1,1,1,0.256,60,96,90,17,23,5,1,1,33,6,5,1,0,0,6,0,0,33,1,0.302,0.367,0.266,106,174,158,25,42,7,2,2,59,16,14,3,2,3,11,1,0,43,1,0.308,0.373,0.281,60,185,167,24,47,7,5,2,70,13,6,4,6,1,11,0,0,38,1,0.324,0.419
巨人,若林　晃弘,0.0,内野手,27,1993/8/26,180,79,A,右両,東京,0,関東,1,1,1,0.247,76,159,146,22,36,6,1,2,50,14,2,4,3,1,8,0,1,32,6,0.288,0.342,0.239,77,273,234,34,56,9,1,5,82,21,11,2,4,1,32,1,2,51,3,0.335,0.35,0.056,17,19,18,2,1,0,0,0,1,0,0,0,0,0,1,0,0,6,0,0.105,0.056
巨人,松原　聖弥,0.0,外野手,26,1995/1/26,173,74,O,右左,大阪,0,関西,1,0,0,0.263,86,313,278,42,73,11,5,3,103,19,12,2,4,2,29,0,0,71,4,0.33,0.371,-,-,-,-,-,-,-,-,-,-,-,-,-,-,-,-,-,-,-,-,-,-,-,-,-,-,-,-,-,-,-,-,-,-,-,-,-,-,-,-,-,-,-,-
巨人,石川　慎吾,0.0,外野手,27,1993/4/27,178,80,O,右右,大阪,0,関西,1,1,1,0.244,43,47,45,2,11,1,0,2,18,7,0,0,0,0,2,0,0,12,1,0.277,0.4,0.257,55,76,70,12,18,2,0,4,32,10,0,0,0,0,6,1,0,14,2,0.316,0.457,0.192,17,28,26,1,5,1,1,0,8,0,0,0,0,0,2,0,0,6,1,0.25,0.308
巨人,立岡　宗一郎,0.0,外野手,30,1990/5/18,181,82,A,右左,熊本,0,九州・沖縄,1,1,1,0.261,29,27,23,5,6,0,1,1,11,4,1,0,0,0,4,1,0,6,1,0.37,0.478,0.286,25,16,14,4,4,2,0,0,6,1,3,0,0,0,2,0,0,4,0,0.375,0.429,0.231,42,60,52,10,12,0,0,0,12,5,4,0,0,0,7,0,1,11,2,0.333,0.231
巨人,岸田　行倫,0.0,捕手,24,1996/10/10,176,88,A,右右,兵庫,0,関西,1,1,0,0.302,34,48,43,2,13,3,0,1,19,5,0,0,1,1,3,0,0,16,4,0.34,0.442,0,4,7,7,0,0,0,0,0,0,0,0,0,0,0,0,0,0,2,0,0,0,-,-,-,-,-,-,-,-,-,-,-,-,-,-,-,-,-,-,-,-,-,-
巨人,北村　拓己,0.0,内野手,25,1995/8/29,181,90,A,右右,石川,0,中部,1,1,1,0.227,57,88,75,9,17,2,0,2,25,10,0,0,2,0,10,1,1,24,2,0.326,0.333,0,5,7,5,3,0,0,0,0,0,0,1,0,0,0,1,0,1,2,0,0.286,0,0,1,1,1,0,0,0,0,0,0,0,0,0,0,0,0,0,0,0,0,0,0
巨人,ウレーニャ,0.0,内野手,21,1999/5/27,183,79,不明,右右,ドミニカ共和国,1,海外,1,0,0,0.167,11,20,18,0,3,0,0,0,3,0,0,0,0,0,2,0,0,8,0,0.25,0.167,,,,,,,,,,,,,,,,,,,,,,,,,,,,,,,,,,,,,,,,,,,,
巨人,萩原　哲,0.0,捕手,22,1998/5/1,175,85,AB,右左,京都,0,関西,0,0,0,,,,,,,,,,,,,,,,,,,,,,,,,,,,,,,,,,,,,,,,,,,,,,,,,,,,,,,,,,,,,,,,,,
巨人,増田　陸,0.0,内野手,20,2000/6/17,178,85,A,右右,大阪,0,関西,0,0,0,-,-,-,-,-,-,-,-,-,-,-,-,-,-,-,-,-,-,-,-,-,-,-,-,-,-,-,-,-,-,-,-,-,-,-,-,-,-,-,-,-,-,-,-,,,,,,,,,,,,,,,,,,,,,,
巨人,湯浅　大,0.0,内野手,21,2000/1/24,172,70,A,右右,群馬,0,関東,1,0,0,0,13,9,7,3,0,0,0,0,0,0,2,0,1,0,1,0,0,3,0,0.125,0,-,-,-,-,-,-,-,-,-,-,-,-,-,-,-,-,-,-,-,-,-,-,-,-,-,-,-,-,-,-,-,-,-,-,-,-,-,-,-,-,-,-,-,-
巨人,中山　礼都,0.0,内野手,18,2002/4/12,182,80,A,右左,愛知,0,中部,0,0,0,,,,,,,,,,,,,,,,,,,,,,,,,,,,,,,,,,,,,,,,,,,,,,,,,,,,,,,,,,,,,,,,,,
巨人,菊田　拡和,0.0,内野手,19,2001/7/23,182,94,B,右右,茨城,0,関東,0,0,0,-,-,-,-,-,-,-,-,-,-,-,-,-,-,-,-,-,-,-,-,-,-,,,,,,,,,,,,,,,,,,,,,,,,,,,,,,,,,,,,,,,,,,,,
巨人,秋広　優人,0.0,内野手,18,2002/9/17,200,95,A,右左,千葉,0,関東,0,0,0,,,,,,,,,,,,,,,,,,,,,,,,,,,,,,,,,,,,,,,,,,,,,,,,,,,,,,,,,,,,,,,,,,
巨人,伊藤　海斗,0.0,外野手,20,2001/4/2,187,88,A,左左,山形,0,東北,0,0,0,-,-,-,-,-,-,-,-,-,-,-,-,-,-,-,-,-,-,-,-,-,-,,,,,,,,,,,,,,,,,,,,,,,,,,,,,,,,,,,,,,,,,,,,
巨人,山下　航汰,0.0,外野手,20,2000/11/15,174,83,O,右左,大阪,0,関西,0,1,0,-,-,-,-,-,-,-,-,-,-,-,-,-,-,-,-,-,-,-,-,-,-,0.167,12,13,12,1,2,1,0,0,3,0,0,0,0,0,1,0,0,2,0,0.231,0.25,,,,,,,,,,,,,,,,,,,,,,
巨人,八百板　卓丸,0.0,外野手,24,1997/1/17,180,82,O,右左,福島,0,東北,0,0,1,,,,,,,,,,,,,,,,,,,,,,,,,,,,,,,,,,,,,,,,,,,,,0.184,27,45,38,6,7,1,0,0,8,0,1,1,2,0,4,0,1,12,1,0.279,0.211
巨人,喜多　隆介,0.0,捕手,22,1998/8/25,179,83,A,右右,石川,0,中部,0,0,0,,,,,,,,,,,,,,,,,,,,,,,,,,,,,,,,,,,,,,,,,,,,,,,,,,,,,,,,,,,,,,,,,,
巨人,加藤　廉,0.0,内野手,22,1999/1/12,181,80,O,右左,静岡,0,中部,0,0,0,,,,,,,,,,,,,,,,,,,,,,,,,,,,,,,,,,,,,,,,,,,,,,,,,,,,,,,,,,,,,,,,,,
巨人,前田　研輝,0.0,捕手,22,1998/12/13,180,85,B,右左,広島,0,中国,0,0,0,,,,,,,,,,,,,,,,,,,,,,,,,,,,,,,,,,,,,,,,,,,,,,,,,,,,,,,,,,,,,,,,,,
巨人,保科　広一,0.0,外野手,22,1998/6/3,187,90,A,左左,大阪,0,関西,0,0,0,,,,,,,,,,,,,,,,,,,,,,,,,,,,,,,,,,,,,,,,,,,,,,,,,,,,,,,,,,,,,,,,,,
巨人,平間　隼人,0.0,内野手,24,1996/12/16,173,75,A,右左,徳島,0,四国,0,0,0,,,,,,,,,,,,,,,,,,,,,,,,,,,,,,,,,,,,,,,,,,,,,,,,,,,,,,,,,,,,,,,,,,
巨人,岡本　大翔,0.0,内野手,18,2002/9/12,190,92,A,右右,鳥取,0,中国,0,0,0,,,,,,,,,,,,,,,,,,,,,,,,,,,,,,,,,,,,,,,,,,,,,,,,,,,,,,,,,,,,,,,,,,
巨人,黒田　響生,0.0,内野手,20,2000/7/21,183,80,B,右右,福井,0,中部,0,0,0,,,,,,,,,,,,,,,,,,,,,,,,,,,,,,,,,,,,,,,,,,,,,,,,,,,,,,,,,,,,,,,,,,
巨人,加藤　壮太,0.0,外野手,22,1998/4/15,188,90,A,右左,愛知,0,中部,0,0,0,,,,,,,,,,,,,,,,,,,,,,,,,,,,,,,,,,,,,,,,,,,,,,,,,,,,,,,,,,,,,,,,,,
巨人,ティマ,,外野手,16,2004/9/25,193,86,不明,右右,ドミニカ共和国,1,海外,0,0,0,,,,,,,,,,,,,,,,,,,,,,,,,,,,,,,,,,,,,,,,,,,,,,,,,,,,,,,,,,,,,,,,,,
阪神,ロハス・ジュニア,1.0,外野手,30,1990/5/24,189,102,不明,右両,アメリカ,1,海外,0,0,0,,,,,,,,,,,,,,,,,,,,,,,,,,,,,,,,,,,,,,,,,,,,,,,,,,,,,,,,,,,,,,,,,,
阪神,糸井　嘉男,1.0,外野手,39,1981/7/31,188,92,A,右左,京都,0,関西,1,1,1,0.268,86,311,269,25,72,16,1,2,96,28,2,1,0,1,38,0,3,50,5,0.363,0.357,0.314,103,444,382,45,120,22,1,5,159,42,9,5,0,3,52,7,7,63,10,0.403,0.416,0.308,119,509,419,60,129,24,0,16,201,68,22,3,0,5,77,4,8,63,9,0.42,0.48
阪神,サンズ,1.0,外野手,33,1987/9/28,193,102,不明,右右,アメリカ,1,海外,1,0,0,0.257,110,443,377,47,97,16,0,19,170,64,2,1,0,2,61,2,3,106,11,0.363,0.451,,,,,,,,,,,,,,,,,,,,,,,,,,,,,,,,,,,,,,,,,,,,
阪神,大山　悠輔,1.0,内野手,26,1994/12/19,181,89,O,右右,茨城,0,関東,1,1,1,0.288,116,471,423,66,122,21,5,28,237,85,1,3,1,1,41,6,5,96,15,0.357,0.56,0.258,143,587,538,52,139,33,1,14,216,76,3,0,1,4,39,3,5,98,12,0.312,0.401,0.274,117,378,347,48,95,19,4,11,155,48,5,3,1,2,26,0,2,54,14,0.326,0.447
阪神,近本　光司,1.0,外野手,26,1994/11/9,171,67,B,左左,兵庫,0,関西,1,1,0,0.293,120,519,474,81,139,21,5,9,197,45,31,8,7,1,30,2,7,61,4,0.344,0.416,0.271,142,640,586,81,159,20,7,9,220,42,36,15,14,3,31,2,6,110,2,0.313,0.375,,,,,,,,,,,,,,,,,,,,,,
阪神,糸原　健斗,1.0,内野手,28,1992/11/11,175,78,O,右左,島根,0,中国,1,1,1,0.294,63,244,218,32,64,5,2,3,82,20,1,2,3,1,19,0,3,33,3,0.357,0.376,0.267,143,572,491,66,131,20,4,2,165,45,6,5,11,3,60,2,7,70,7,0.353,0.336,0.286,143,637,531,79,152,29,4,1,192,35,6,4,9,4,86,1,7,73,5,0.39,0.362
阪神,髙山　俊,0.0,外野手,27,1993/4/18,181,87,O,右左,千葉,0,関東,1,1,1,0.152,42,52,46,6,7,3,0,0,10,3,1,0,1,1,3,0,1,10,0,0.216,0.217,0.269,105,300,271,25,73,12,0,5,100,29,9,3,2,0,24,4,3,56,3,0.336,0.369,0.172,45,134,128,8,22,5,0,1,30,14,0,1,0,1,4,0,1,22,4,0.201,0.234
阪神,木浪　聖也,0.0,内野手,26,1994/6/15,179,78,O,右左,青森,0,東北,1,1,0,0.249,92,334,297,42,74,20,1,3,105,25,2,1,8,3,24,3,2,54,1,0.307,0.354,0.262,113,390,363,32,95,18,2,4,129,32,2,0,6,0,18,5,3,77,8,0.302,0.355,,,,,,,,,,,,,,,,,,,,,,
阪神,原口　文仁,0.0,捕手,29,1992/3/3,182,91,AB,右右,埼玉,0,関東,1,1,1,0.278,48,78,72,5,20,3,0,3,32,19,0,0,0,0,5,1,1,16,2,0.333,0.444,0.276,43,94,87,8,24,4,0,1,31,11,0,0,0,2,4,0,1,23,3,0.309,0.356,0.315,82,124,111,8,35,2,0,2,43,19,0,0,0,0,8,1,5,27,1,0.387,0.387
阪神,陽川　尚将,0.0,内野手,29,1991/7/17,180,88,O,右右,大阪,0,関西,1,1,1,0.247,71,182,158,19,39,6,0,8,69,24,2,2,2,1,15,2,6,42,4,0.333,0.437,0.109,28,60,55,3,6,1,0,3,16,4,0,0,1,0,4,1,0,19,2,0.169,0.291,0.252,75,299,274,27,69,16,5,6,113,48,5,0,0,1,17,1,7,76,7,0.311,0.412
阪神,北條　史也,0.0,内野手,26,1994/7/29,177,79,O,右右,大阪,0,関西,1,1,1,0.192,40,112,99,10,19,4,0,2,29,7,2,0,3,0,9,0,1,23,2,0.266,0.293,0.247,82,211,174,18,43,7,0,5,65,20,2,0,13,0,23,0,1,40,3,0.338,0.374,0.322,62,266,239,34,77,8,1,1,90,20,1,0,4,3,19,0,1,32,7,0.37,0.377
阪神,山本　泰寛,0.0,内野手,27,1993/10/10,176,76,B,右右,東京,0,関東,0,1,1,-,-,-,-,-,-,-,-,-,-,-,-,-,-,-,-,-,-,-,-,-,-,0.232,92,212,177,31,41,7,3,2,60,10,2,0,6,0,22,1,7,51,3,0.34,0.339,0.255,38,120,102,15,26,4,1,0,32,3,2,0,3,0,13,0,2,19,2,0.35,0.314
阪神,坂本　誠志郎,0.0,捕手,27,1993/11/10,176,77,O,右右,兵庫,0,関西,1,1,1,0.213,38,95,75,5,16,4,0,0,20,4,1,1,7,0,13,0,0,20,1,0.33,0.267,0.175,20,44,40,2,7,0,0,2,13,3,0,0,3,0,1,1,0,8,2,0.195,0.325,0.154,15,16,13,1,2,1,0,0,3,1,0,0,0,1,2,0,0,7,0,0.25,0.231
阪神,佐藤　輝明,0.0,内野手,22,1999/3/13,187,94,B,右左,兵庫,0,関西,0,0,0,,,,,,,,,,,,,,,,,,,,,,,,,,,,,,,,,,,,,,,,,,,,,,,,,,,,,,,,,,,,,,,,,,
阪神,俊介,0.0,外野手,33,1987/8/17,178,77,A,右右,福岡,0,九州・沖縄,1,1,1,0.125,9,8,8,0,1,0,0,0,1,0,0,1,0,0,0,0,0,2,0,0.125,0.125,0,6,6,6,0,0,0,0,0,0,0,0,0,0,0,0,0,0,1,0,0,0,0.224,87,200,183,25,41,5,1,2,54,21,1,0,6,0,11,0,0,29,4,0.268,0.295
阪神,江越　大賀,0.0,外野手,28,1993/3/12,182,83,O,右右,長崎,0,九州・沖縄,1,1,1,0,45,13,10,11,0,0,0,0,0,1,3,1,0,1,2,0,0,6,0,0.154,0,0.067,49,16,15,8,1,0,0,0,1,0,1,0,0,0,1,0,0,9,0,0.125,0.067,0.15,29,40,40,6,6,2,0,1,11,1,3,0,0,0,0,0,0,22,0,0.15,0.275
阪神,小幡　竜平,0.0,内野手,20,2000/9/21,184,76,B,右左,大分,0,九州・沖縄,1,0,0,0.22,54,134,127,15,28,1,2,0,33,7,3,1,1,0,5,1,1,37,1,0.256,0.26,-,-,-,-,-,-,-,-,-,-,-,-,-,-,-,-,-,-,-,-,-,-,,,,,,,,,,,,,,,,,,,,,,
阪神,島田　海吏,0.0,外野手,25,1996/2/6,176,69,AB,右左,熊本,0,九州・沖縄,1,1,1,0.176,43,21,17,4,3,0,0,0,3,1,3,0,1,0,2,1,1,4,0,0.3,0.176,0.25,7,5,4,2,1,1,0,0,2,0,0,0,0,0,1,0,0,1,0,0.4,0.5,0.2,12,37,35,5,7,1,1,0,10,1,0,1,1,0,1,0,0,7,0,0.222,0.286
阪神,荒木　郁也,0.0,内野手,32,1988/4/25,183,74,B,右左,東京,0,関東,1,1,0,0.091,16,11,11,2,1,0,0,0,1,0,2,1,0,0,0,0,0,4,0,0.091,0.091,0.111,9,9,9,4,1,1,0,0,2,0,0,1,0,0,0,0,0,4,0,0.111,0.222,-,-,-,-,-,-,-,-,-,-,-,-,-,-,-,-,-,-,-,-,-,-
阪神,中野　拓夢,0.0,内野手,24,1996/6/28,171,69,A,右左,山形,0,東北,0,0,0,,,,,,,,,,,,,,,,,,,,,,,,,,,,,,,,,,,,,,,,,,,,,,,,,,,,,,,,,,,,,,,,,,
阪神,板山　祐太郎,0.0,外野手,27,1994/3/27,180,80,B,右左,神奈川,0,関東,1,0,1,0.167,5,14,12,1,2,0,0,0,2,0,1,0,0,0,2,0,0,3,0,0.286,0.167,-,-,-,-,-,-,-,-,-,-,-,-,-,-,-,-,-,-,-,-,-,-,0.257,20,39,35,1,9,0,0,1,12,3,0,0,0,1,3,0,0,14,4,0.308,0.343
阪神,長坂　拳弥,0.0,捕手,26,1994/4/28,173,75,B,右右,群馬,0,関東,1,1,1,0.4,5,5,5,1,2,0,0,1,5,2,1,0,0,0,0,0,0,3,0,0.4,1,1,3,1,1,2,1,0,0,1,4,1,0,0,0,0,0,0,0,0,0,1,4,0.125,9,9,8,0,1,1,0,0,2,0,0,0,1,0,0,0,0,1,0,0.125,0.25
阪神,井上　広大,0.0,外野手,19,2001/8/12,188,95,B,右右,大阪,0,関西,1,0,0,0.091,6,11,11,0,1,1,0,0,2,1,0,0,0,0,0,0,0,5,0,0.091,0.182,,,,,,,,,,,,,,,,,,,,,,,,,,,,,,,,,,,,,,,,,,,,
阪神,藤谷　洸介,0.0,内野手,25,1996/2/12,194,97,A,右右,山口,0,中国,0,0,0,,,,,,,,,,,,,,,,,,,,,,,,,,,,,,,,,,,,,,,,,,,,,,,,,,,,,,,,,,,,,,,,,,
阪神,藤田　健斗,0.0,捕手,19,2001/10/18,173,78,A,右右,滋賀,0,関西,0,0,0,-,-,-,-,-,-,-,-,-,-,-,-,-,-,-,-,-,-,-,-,-,-,,,,,,,,,,,,,,,,,,,,,,,,,,,,,,,,,,,,,,,,,,,,
阪神,髙寺　望夢,0.0,内野手,18,2002/10/17,178,75,O,右左,長野,0,中部,0,0,0,,,,,,,,,,,,,,,,,,,,,,,,,,,,,,,,,,,,,,,,,,,,,,,,,,,,,,,,,,,,,,,,,,
阪神,片山　雄哉,0.0,捕手,26,1994/6/18,177,79,B,右左,愛知,0,中部,0,0,0,-,-,-,-,-,-,-,-,-,-,-,-,-,-,-,-,-,-,-,-,-,-,-,-,-,-,-,-,-,-,-,-,-,-,-,-,-,-,-,-,-,-,-,-,,,,,,,,,,,,,,,,,,,,,,
阪神,奥山　皓太,0.0,外野手,23,1997/9/3,186,89,A,右右,山梨,0,関東,0,0,0,,,,,,,,,,,,,,,,,,,,,,,,,,,,,,,,,,,,,,,,,,,,,,,,,,,,,,,,,,,,,,,,,,
阪神,小野寺　暖,0.0,外野手,23,1998/3/17,183,79,A,右右,奈良,0,関西,0,0,0,,,,,,,,,,,,,,,,,,,,,,,,,,,,,,,,,,,,,,,,,,,,,,,,,,,,,,,,,,,,,,,,,,
広島,鈴木　誠也,1.0,外野手,26,1994/8/18,181,98,A,右右,東京,0,関東,1,1,1,0.3,118,514,430,85,129,26,2,25,234,75,6,4,0,3,72,9,9,73,15,0.409,0.544,0.335,140,612,499,112,167,31,0,28,282,87,25,16,0,3,103,12,7,81,3,0.453,0.565,0.32,124,520,422,86,135,32,2,30,261,94,4,4,0,5,88,2,5,116,4,0.438,0.618
広島,菊池　涼介,1.0,内野手,31,1990/3/11,171,68,A,右右,東京,0,関東,1,1,1,0.271,106,429,376,43,102,19,4,10,159,41,3,2,16,1,35,2,1,68,9,0.334,0.423,0.261,138,619,547,77,143,36,2,13,222,48,14,5,28,2,41,0,1,102,5,0.313,0.406,0.233,139,642,557,85,130,27,1,13,198,60,10,2,30,1,51,2,3,111,5,0.301,0.355
広島,長野　久義,1.0,外野手,36,1984/12/6,180,82,O,右右,佐賀,0,九州・沖縄,1,1,1,0.285,95,299,267,30,76,17,1,10,125,42,1,0,0,2,29,0,1,61,5,0.355,0.468,0.25,72,197,180,13,45,7,1,5,69,20,0,2,0,1,15,2,1,40,11,0.31,0.383,0.29,116,426,383,49,111,16,0,13,166,52,3,2,0,1,41,4,1,69,5,0.359,0.433
広島,田中　広輔,1.0,内野手,31,1989/7/3,171,84,A,右左,神奈川,0,関東,1,1,1,0.251,112,454,378,51,95,11,5,8,140,39,8,4,12,4,55,3,5,86,1,0.351,0.37,0.193,97,355,311,33,60,13,0,3,82,27,8,3,4,6,32,2,2,89,4,0.268,0.264,0.262,143,675,572,92,150,19,10,10,219,60,32,13,6,5,75,3,17,118,6,0.362,0.383
広島,松山　竜平,1.0,外野手,35,1985/9/18,176,95,B,右左,鹿児島,0,九州・沖縄,1,1,1,0.277,108,425,404,38,112,27,1,9,168,67,0,1,0,3,17,4,1,72,11,0.306,0.416,0.259,110,327,294,21,76,14,1,6,110,49,0,0,0,2,29,1,2,42,7,0.327,0.374,0.302,124,446,397,46,120,25,2,12,185,74,2,0,0,5,42,4,2,46,10,0.368,0.466
広島,西川　龍馬,1.0,外野手,26,1994/12/10,176,79,O,右左,大阪,0,関西,1,1,1,0.304,76,328,296,36,90,18,0,6,126,32,6,1,2,0,28,1,2,52,6,0.368,0.426,0.297,138,585,535,70,159,23,3,16,236,64,6,7,11,5,32,4,2,81,9,0.336,0.441,0.309,107,361,327,44,101,22,3,6,147,46,5,3,4,1,27,3,2,51,4,0.364,0.45
広島,堂林　翔太,0.0,内野手,29,1991/8/17,183,92,A,右右,愛知,0,中部,1,1,1,0.279,111,451,401,55,112,21,0,14,175,58,17,4,3,2,41,2,4,91,12,0.35,0.436,0.206,28,38,34,1,7,0,1,0,9,2,0,0,2,0,2,0,0,9,0,0.25,0.265,0.216,63,60,51,11,11,3,1,0,16,5,0,1,7,0,2,0,0,14,1,0.245,0.314
広島,安部　友裕,0.0,内野手,31,1989/6/24,181,88,O,右左,福岡,0,九州・沖縄,1,1,1,0.184,26,44,38,6,7,3,0,0,10,2,0,1,2,0,4,0,0,17,1,0.262,0.263,0.254,114,295,264,23,67,12,0,8,103,28,5,2,6,1,23,0,1,60,9,0.315,0.39,0.236,72,252,220,32,52,11,4,4,83,24,7,1,7,2,21,3,2,60,1,0.306,0.377
広島,野間　峻祥,0.0,外野手,28,1993/1/28,180,85,B,右左,兵庫,0,関西,1,1,1,0.24,70,56,50,10,12,0,0,0,12,1,2,3,2,0,4,0,0,17,0,0.296,0.24,0.248,123,353,314,52,78,10,5,2,104,16,14,2,6,1,27,3,5,56,5,0.317,0.331,0.286,126,447,405,64,116,14,7,5,159,46,17,10,4,2,30,0,6,69,2,0.343,0.393
広島,磯村　嘉孝,0.0,捕手,28,1992/11/1,178,92,A,右右,愛知,0,中部,1,1,1,0.208,31,55,48,4,10,3,0,1,16,1,0,0,3,0,4,0,0,8,2,0.269,0.333,0.278,65,117,108,10,30,9,0,4,51,21,0,1,3,1,5,0,0,24,3,0.307,0.472,0.215,37,91,79,6,17,2,0,1,22,4,0,0,5,0,6,1,1,12,4,0.279,0.278
広島,メヒア,0.0,内野手,28,1993/3/10,192,112,不明,右右,ドミニカ共和国,1,海外,1,1,1,0.188,37,85,80,4,15,2,0,2,23,4,1,0,0,0,5,0,0,21,3,0.235,0.288,0.259,56,173,162,13,42,6,0,7,69,17,0,0,0,0,11,3,0,46,2,0.306,0.426,0.268,22,44,41,6,11,2,0,3,22,7,1,1,0,0,2,0,1,12,2,0.318,0.537
広島,三好　匠,0.0,内野手,27,1993/6/7,174,86,A,右右,福岡,0,九州・沖縄,1,1,1,0.125,62,29,24,3,3,0,0,0,3,2,0,0,2,1,2,0,0,5,0,0.185,0.125,0.182,43,92,77,9,14,1,0,2,21,7,1,0,6,0,9,2,0,28,1,0.267,0.273,0.104,70,54,48,5,5,0,1,0,7,0,0,1,3,0,3,0,0,15,2,0.157,0.146
広島,上本　崇司,0.0,内野手,30,1990/8/22,170,72,A,右右,広島,0,中国,1,1,1,0.212,56,62,52,8,11,2,0,0,13,4,2,0,3,0,5,0,2,4,3,0.305,0.25,0.143,31,22,21,5,3,0,0,0,3,0,0,1,1,0,0,0,0,5,1,0.143,0.143,0.091,59,13,11,8,1,0,0,0,1,0,6,2,1,0,1,0,0,4,0,0.167,0.091
広島,大盛　穂,0.0,外野手,24,1996/8/31,180,76,A,右左,大阪,0,関西,1,0,0,0.259,73,148,135,21,35,5,3,2,52,16,5,3,0,1,11,1,1,50,1,0.318,0.385,,,,,,,,,,,,,,,,,,,,,,,,,,,,,,,,,,,,,,,,,,,,
広島,曽根　海成,0.0,内野手,25,1995/4/24,175,74,A,右左,大阪,0,関西,1,1,1,0.25,33,17,16,13,4,1,0,0,5,1,5,3,0,0,1,0,0,5,0,0.294,0.313,0.2,64,31,25,17,5,0,0,0,5,2,5,2,2,0,3,1,1,10,0,0.31,0.2,0.278,11,22,18,3,5,0,1,0,7,2,1,0,1,0,2,0,1,9,0,0.381,0.389
広島,小園　海斗,0.0,内野手,20,2000/6/7,178,84,AB,右左,兵庫,0,関西,1,1,0,0,3,6,6,0,0,0,0,0,0,0,0,0,0,0,0,0,0,1,0,0,0,0.213,58,197,188,17,40,9,0,4,61,16,1,0,2,0,6,1,1,42,1,0.241,0.324,,,,,,,,,,,,,,,,,,,,,,
広島,正隨　優弥,0.0,外野手,25,1996/4/2,180,98,A,右右,広島,0,中国,1,0,0,0.143,7,8,7,1,1,0,0,1,4,1,0,0,0,0,1,0,0,1,1,0.25,0.571,-,-,-,-,-,-,-,-,-,-,-,-,-,-,-,-,-,-,-,-,-,-,,,,,,,,,,,,,,,,,,,,,,
広島,中村　奨成,0.0,捕手,21,1999/6/6,181,81,B,右右,広島,0,中国,1,0,0,0,4,4,4,0,0,0,0,0,0,0,0,0,0,0,0,0,0,1,0,0,0,-,-,-,-,-,-,-,-,-,-,-,-,-,-,-,-,-,-,-,-,-,-,-,-,-,-,-,-,-,-,-,-,-,-,-,-,-,-,-,-,-,-,-,-
広島,羽月　隆太郎,0.0,内野手,20,2000/4/19,167,67,O,右左,宮崎,0,九州・沖縄,1,0,0,0.182,17,40,33,3,6,1,1,0,9,4,0,2,5,0,2,0,0,7,0,0.229,0.273,-,-,-,-,-,-,-,-,-,-,-,-,-,-,-,-,-,-,-,-,-,-,,,,,,,,,,,,,,,,,,,,,,
広島,髙橋　大樹,0.0,外野手,26,1994/5/11,181,93,O,右右,大阪,0,関西,1,1,1,0.2,14,16,15,1,3,0,0,0,3,0,0,0,0,0,1,0,0,5,0,0.25,0.2,0.279,27,48,43,5,12,1,1,1,18,3,0,1,1,0,4,0,0,11,0,0.34,0.419,0.333,6,16,15,1,5,1,0,0,6,0,0,0,0,0,1,0,0,4,1,0.375,0.4
広島,白濱　裕太,0.0,捕手,35,1985/10/31,180,93,A,右右,大阪,0,関西,1,0,0,0,2,1,1,0,0,0,0,0,0,0,0,0,0,0,0,0,0,0,0,0,0,-,-,-,-,-,-,-,-,-,-,-,-,-,-,-,-,-,-,-,-,-,-,-,-,-,-,-,-,-,-,-,-,-,-,-,-,-,-,-,-,-,-,-,-
広島,矢野　雅哉,0.0,内野手,22,1998/12/16,171,70,A,右左,大阪,0,関西,0,0,0,,,,,,,,,,,,,,,,,,,,,,,,,,,,,,,,,,,,,,,,,,,,,,,,,,,,,,,,,,,,,,,,,,
広島,桒原　樹,0.0,内野手,24,1996/7/4,180,85,O,右左,静岡,0,中部,1,0,0,0,3,3,3,0,0,0,0,0,0,0,0,0,0,0,0,0,0,0,0,0,0,-,-,-,-,-,-,-,-,-,-,-,-,-,-,-,-,-,-,-,-,-,-,-,-,-,-,-,-,-,-,-,-,-,-,-,-,-,-,-,-,-,-,-,-
広島,韮澤　雄也,0.0,内野手,19,2001/5/20,178,81,AB,右左,新潟,0,中部,0,0,0,-,-,-,-,-,-,-,-,-,-,-,-,-,-,-,-,-,-,-,-,-,-,,,,,,,,,,,,,,,,,,,,,,,,,,,,,,,,,,,,,,,,,,,,
広島,中神　拓都,0.0,内野手,20,2000/5/29,175,91,O,右右,岐阜,0,中部,0,0,0,-,-,-,-,-,-,-,-,-,-,-,-,-,-,-,-,-,-,-,-,-,-,-,-,-,-,-,-,-,-,-,-,-,-,-,-,-,-,-,-,-,-,-,-,,,,,,,,,,,,,,,,,,,,,,
広島,永井　敦士,0.0,外野手,21,2000/1/10,178,90,B,右右,埼玉,0,関東,0,0,0,-,-,-,-,-,-,-,-,-,-,-,-,-,-,-,-,-,-,-,-,-,-,-,-,-,-,-,-,-,-,-,-,-,-,-,-,-,-,-,-,-,-,-,-,-,-,-,-,-,-,-,-,-,-,-,-,-,-,-,-,-,-,-,-,-,-
広島,持丸　泰輝,0.0,捕手,19,2001/10/26,177,84,A,右左,北海道,0,北海道,0,0,0,,,,,,,,,,,,,,,,,,,,,,,,,,,,,,,,,,,,,,,,,,,,,,,,,,,,,,,,,,,,,,,,,,
広島,二俣　翔一,0.0,捕手,18,2002/10/21,180,78,AB,右右,静岡,0,中部,0,0,0,,,,,,,,,,,,,,,,,,,,,,,,,,,,,,,,,,,,,,,,,,,,,,,,,,,,,,,,,,,,,,,,,,
ヤクルト,山田　哲人,1.0,内野手,28,1992/7/16,180,76,O,右右,兵庫,0,関西,1,1,1,0.254,94,384,334,52,85,17,1,12,140,52,8,4,0,2,48,3,0,83,6,0.346,0.419,0.271,142,641,520,102,141,35,5,35,291,98,33,3,0,5,110,7,6,121,14,0.401,0.56,0.315,140,637,524,130,165,30,4,34,305,89,33,4,0,3,106,5,4,119,8,0.432,0.582
ヤクルト,青木　宣親,1.0,外野手,39,1982/1/5,175,80,A,右左,宮崎,0,九州・沖縄,1,1,1,0.317,107,425,357,64,113,30,1,18,199,51,2,1,0,1,62,2,5,51,6,0.424,0.557,0.297,134,565,489,84,145,19,2,16,216,58,1,2,1,3,61,2,11,72,13,0.385,0.442,0.327,127,567,495,85,162,37,3,10,235,67,3,4,0,2,51,1,19,48,13,0.409,0.475
ヤクルト,サンタナ,1.0,外野手,28,1992/8/5,195,104,不明,右右,ドミニカ共和国,1,海外,0,1,0,,,,,,,,,,,,,,,,,,,,,,,0.182,13,34,33,1,6,0,0,0,6,5,0,0,0,0,1,0,0,5,2,0.206,0.182,,,,,,,,,,,,,,,,,,,,,,
ヤクルト,村上　宗隆,1.0,内野手,21,2000/2/2,188,97,O,右左,熊本,0,九州・沖縄,1,1,1,0.307,120,515,424,70,130,30,2,28,248,86,11,5,0,1,87,12,3,115,8,0.427,0.585,0.231,143,593,511,76,118,20,0,36,246,96,5,4,0,3,74,5,5,184,9,0.332,0.481,0.083,6,14,12,1,1,0,0,1,4,2,0,0,0,0,2,0,0,5,0,0.214,0.333
ヤクルト,中村　悠平,1.0,捕手,30,1990/6/17,176,83,A,右右,福井,0,中部,1,1,1,0.175,29,92,80,10,14,2,0,0,16,3,0,1,2,1,9,0,0,14,2,0.256,0.2,0.269,126,450,372,42,100,24,2,5,143,36,1,4,13,2,53,3,10,64,11,0.373,0.384,0.211,123,401,341,32,72,9,1,5,98,26,2,0,22,2,31,3,5,39,7,0.285,0.287
ヤクルト,オスナ,1.0,内野手,28,1992/12/12,188,106,不明,右右,ベネズエラ,1,海外,0,0,0,,,,,,,,,,,,,,,,,,,,,,,,,,,,,,,,,,,,,,,,,,,,,,,,,,,,,,,,,,,,,,,,,,
ヤクルト,内川　聖一,1.0,内野手,38,1982/8/4,184,92,B,右右,大分,0,九州・沖縄,0,1,1,-,-,-,-,-,-,-,-,-,-,-,-,-,-,-,-,-,-,-,-,-,-,0.256,137,535,500,49,128,21,0,12,185,41,3,0,1,4,28,4,2,49,16,0.296,0.37,0.242,71,296,281,27,68,11,0,8,103,30,1,1,0,3,9,0,3,32,6,0.27,0.367
ヤクルト,嶋　基宏,0.0,捕手,36,1984/12/13,179,84,A,右右,岐阜,0,中部,1,1,1,0.098,20,45,41,2,4,2,0,0,6,4,0,0,1,0,3,0,0,19,1,0.159,0.146,0.209,57,131,110,12,23,5,0,3,37,15,0,0,7,0,13,0,1,20,3,0.298,0.336,0.206,113,361,315,21,65,12,1,0,79,21,2,3,15,0,30,1,1,89,3,0.277,0.251
ヤクルト,西浦　直亨,0.0,内野手,29,1991/4/11,178,75,B,右右,奈良,0,関西,1,1,1,0.245,101,310,286,24,70,10,0,10,110,43,4,2,4,2,16,3,2,74,11,0.288,0.385,0.235,44,162,149,17,35,9,0,4,56,19,0,0,2,0,10,0,1,35,6,0.288,0.376,0.242,138,550,479,57,116,28,0,10,174,55,1,2,20,3,40,1,8,88,10,0.309,0.363
ヤクルト,荒木　貴裕,0.0,内野手,33,1987/7/26,180,84,AB,右右,富山,0,中部,1,1,1,0.164,63,84,73,10,12,1,1,1,18,7,0,0,3,1,6,1,1,18,3,0.235,0.247,0.25,93,140,124,12,31,6,0,2,43,22,1,0,0,1,13,1,2,29,1,0.329,0.347,0.218,62,109,87,12,19,3,0,3,31,21,3,0,3,2,13,0,4,27,2,0.34,0.356
ヤクルト,山崎　晃大朗,0.0,外野手,27,1993/8/11,173,68,O,左左,和歌山,0,関西,1,1,1,0.245,109,323,282,29,69,6,1,3,86,23,8,9,7,2,31,0,1,70,5,0.32,0.305,0.274,80,185,168,20,46,4,3,0,56,8,4,0,6,0,10,0,1,39,4,0.318,0.333,0.184,23,47,38,7,7,0,1,0,9,0,1,1,3,0,6,0,0,12,1,0.295,0.237
ヤクルト,川端　慎吾,0.0,内野手,33,1987/10/16,185,86,O,右左,大阪,0,関西,1,1,1,0.128,39,42,39,3,5,0,0,0,5,2,0,0,0,0,3,0,0,4,1,0.19,0.128,0.164,37,67,61,5,10,1,0,0,11,7,0,0,0,1,5,0,0,8,2,0.224,0.18,0.259,97,334,297,22,77,9,1,3,97,31,1,0,1,1,32,2,3,37,11,0.336,0.327
ヤクルト,中山　翔太,0.0,外野手,24,1996/9/22,185,95,A,右右,大阪,0,関西,1,1,0,0.229,29,53,48,4,11,1,0,4,24,8,0,0,0,1,3,0,1,19,2,0.283,0.5,0.289,35,100,97,11,28,4,0,5,47,14,0,0,0,0,3,0,0,25,2,0.31,0.485,,,,,,,,,,,,,,,,,,,,,,
ヤクルト,塩見　泰隆,0.0,外野手,27,1993/6/12,179,76,B,右右,神奈川,0,関東,1,1,1,0.279,43,179,154,20,43,4,2,8,75,21,13,2,3,0,17,0,5,44,4,0.369,0.487,0.182,45,98,88,20,16,2,2,1,25,7,4,1,0,0,8,0,2,24,1,0.265,0.284,0.04,16,26,25,1,1,1,0,0,2,0,0,0,0,0,1,0,0,7,0,0.077,0.08
ヤクルト,宮本　丈,0.0,内野手,26,1995/4/3,182,78,B,右左,大阪,0,関西,1,1,1,0.274,94,171,146,16,40,8,0,2,54,12,3,1,5,0,18,0,2,23,3,0.361,0.37,0.143,26,47,42,5,6,0,0,0,6,0,2,1,1,0,4,0,0,19,2,0.217,0.143,0.22,26,48,41,3,9,1,0,0,10,6,0,0,1,1,5,0,0,11,1,0.298,0.244
ヤクルト,奥村　展征,0.0,内野手,25,1995/5/26,178,76,O,右左,滋賀,0,関西,0,1,1,-,-,-,-,-,-,-,-,-,-,-,-,-,-,-,-,-,-,-,-,-,-,0.199,74,195,166,15,33,8,1,1,46,12,0,2,10,0,16,1,3,47,2,0.281,0.277,0.22,32,46,41,6,9,1,0,1,13,4,0,0,1,1,3,0,0,10,0,0.267,0.317
ヤクルト,松本　直樹,0.0,捕手,27,1993/10/17,177,82,A,右右,香川,0,四国,1,1,1,0.231,6,14,13,0,3,0,0,0,3,0,0,0,0,0,1,0,0,3,0,0.286,0.231,0.212,33,73,66,5,14,1,0,1,18,4,0,0,3,0,3,0,1,9,2,0.257,0.273,0,6,5,5,1,0,0,0,0,0,0,0,0,0,0,0,0,0,2,0,0,0
ヤクルト,並木　秀尊,0.0,外野手,22,1999/3/23,170,70,不明,右右,埼玉,0,関東,0,0,0,,,,,,,,,,,,,,,,,,,,,,,,,,,,,,,,,,,,,,,,,,,,,,,,,,,,,,,,,,,,,,,,,,
ヤクルト,渡邉　大樹,0.0,外野手,23,1997/6/7,182,87,O,右右,千葉,0,関東,1,1,0,0.273,33,12,11,7,3,0,0,0,3,0,2,2,0,0,1,0,0,3,0,0.333,0.273,0.143,16,9,7,5,1,0,0,1,4,1,1,0,1,0,0,0,1,2,0,0.25,0.571,-,-,-,-,-,-,-,-,-,-,-,-,-,-,-,-,-,-,-,-,-,-
ヤクルト,元山　飛優,0.0,内野手,22,1998/12/4,180,79,AB,右左,大阪,0,関西,0,0,0,,,,,,,,,,,,,,,,,,,,,,,,,,,,,,,,,,,,,,,,,,,,,,,,,,,,,,,,,,,,,,,,,,
ヤクルト,吉田　大成,0.0,内野手,26,1995/3/7,175,80,B,右左,千葉,0,関東,1,1,0,0.111,8,11,9,0,1,1,0,0,2,1,0,0,1,0,1,0,0,2,1,0.2,0.222,0.188,13,39,32,3,6,1,0,0,7,2,1,1,1,0,4,0,2,8,1,0.316,0.219,,,,,,,,,,,,,,,,,,,,,,
ヤクルト,古賀　優大,0.0,捕手,22,1998/8/7,177,74,B,右右,福岡,0,九州・沖縄,1,1,1,0.048,27,46,42,0,2,0,0,0,2,1,0,0,1,1,0,0,2,4,4,0.089,0.048,0.2,11,17,15,1,3,0,0,0,3,0,0,0,1,0,1,0,0,2,0,0.25,0.2,0.077,7,15,13,1,1,0,0,0,1,1,0,0,1,0,1,0,0,2,1,0.143,0.077
ヤクルト,内山　壮真,0.0,捕手,18,2002/6/30,171,71,O,右右,富山,0,中部,0,0,0,,,,,,,,,,,,,,,,,,,,,,,,,,,,,,,,,,,,,,,,,,,,,,,,,,,,,,,,,,,,,,,,,,
ヤクルト,長岡　秀樹,0.0,内野手,19,2001/9/26,174,74,A,右左,千葉,0,関東,1,0,0,0.083,6,13,12,0,1,0,0,0,1,0,0,0,1,0,0,0,0,3,1,0.083,0.083,,,,,,,,,,,,,,,,,,,,,,,,,,,,,,,,,,,,,,,,,,,,
ヤクルト,武岡　龍世,0.0,内野手,19,2001/5/28,178,77,O,右左,徳島,0,四国,1,0,0,0.333,5,12,9,0,3,0,0,0,3,0,0,0,1,0,2,0,0,3,0,0.455,0.333,,,,,,,,,,,,,,,,,,,,,,,,,,,,,,,,,,,,,,,,,,,,
ヤクルト,松本　友,0.0,内野手,26,1995/2/5,179,86,O,右左,福岡,0,九州・沖縄,1,0,0,0.2,9,11,10,2,2,1,0,0,3,0,0,0,0,0,1,0,0,3,1,0.273,0.3,,,,,,,,,,,,,,,,,,,,,,,,,,,,,,,,,,,,,,,,,,,,
ヤクルト,松井　聖,0.0,捕手,25,1995/5/29,175,80,O,右左,愛知,0,中部,0,0,0,,,,,,,,,,,,,,,,,,,,,,,,,,,,,,,,,,,,,,,,,,,,,,,,,,,,,,,,,,,,,,,,,,
ヤクルト,赤羽　由紘,0.0,内野手,20,2000/6/29,175,79,B,右右,長野,0,中部,0,0,0,,,,,,,,,,,,,,,,,,,,,,,,,,,,,,,,,,,,,,,,,,,,,,,,,,,,,,,,,,,,,,,,,,
ソフトバンク,柳田　悠岐,1.0,外野手,32,1988/10/9,188,87,AB,右左,広島,0,中国,1,1,1,0.342,119,515,427,90,146,23,5,29,266,86,7,2,0,3,84,8,1,103,2,0.449,0.623,0.289,38,157,128,17,37,6,1,7,66,23,4,1,0,0,28,2,1,28,4,0.42,0.516,0.352,130,550,475,95,167,29,5,36,314,102,21,7,0,5,62,4,8,105,8,0.431,0.661
ソフトバンク,バレンティン,1.0,外野手,36,1984/7/2,185,100,不明,右右,オランダ領アンティル,1,海外,1,1,1,0.168,60,218,191,16,32,7,0,9,66,22,0,1,0,2,25,1,0,59,8,0.261,0.346,0.28,120,468,410,65,115,13,0,33,227,93,0,1,0,3,54,3,1,117,11,0.363,0.554,0.268,142,602,514,72,138,22,0,38,274,131,1,1,0,3,85,5,0,121,15,0.37,0.533
ソフトバンク,デスパイネ,1.0,外野手,34,1986/6/17,175,95,不明,右右,キューバ,1,海外,1,1,1,0.224,25,97,85,9,19,1,0,6,38,12,0,0,0,0,12,1,0,11,5,0.32,0.447,0.259,130,519,448,61,116,9,0,36,233,88,0,1,0,3,63,1,5,119,6,0.355,0.52,0.238,116,469,407,62,97,15,1,29,201,74,0,0,0,3,55,4,4,93,13,0.333,0.494
ソフトバンク,グラシアル,1.0,内野手,35,1985/10/14,187,95,不明,右右,キューバ,1,海外,1,1,1,0.277,69,276,256,30,71,12,0,10,113,35,2,0,0,1,16,2,3,62,2,0.326,0.441,0.319,103,410,373,61,119,17,1,28,222,68,4,3,4,4,22,1,7,84,10,0.365,0.595,0.292,54,202,185,29,54,6,1,9,89,30,1,0,0,1,15,0,1,34,8,0.347,0.481
ソフトバンク,今宮　健太,1.0,内野手,29,1991/7/15,172,76,O,右右,大分,0,九州・沖縄,1,1,1,0.268,43,177,164,30,44,7,2,6,73,22,2,0,5,3,5,1,0,22,2,0.285,0.445,0.256,106,426,383,44,98,15,0,14,155,41,4,5,7,1,32,2,3,67,3,0.317,0.405,0.266,99,405,354,45,94,18,1,11,147,45,5,4,22,2,25,2,2,60,5,0.316,0.415
ソフトバンク,中村　晃,1.0,外野手,31,1989/11/5,175,83,O,左左,埼玉,0,関東,1,1,1,0.271,100,413,362,43,98,13,2,6,133,50,0,0,3,6,39,0,3,47,4,0.341,0.367,0.245,44,159,139,10,34,3,1,3,48,11,0,0,3,1,15,0,1,13,0,0.321,0.345,0.292,136,580,506,57,148,28,1,14,220,57,1,1,3,6,60,4,5,68,5,0.369,0.435
ソフトバンク,長谷川　勇也,1.0,外野手,36,1984/12/22,180,86,AB,右左,山形,0,東北,1,1,1,0.224,29,87,76,6,17,5,0,1,25,7,0,0,0,0,10,0,1,18,2,0.322,0.329,0.302,25,54,43,6,13,4,0,3,26,9,1,0,0,2,7,1,2,4,1,0.407,0.605,0.287,55,112,101,15,29,6,0,5,50,20,0,0,0,1,9,3,1,18,3,0.348,0.495
ソフトバンク,川島　慶三,1.0,内野手,37,1983/10/5,171,74,A,右右,長崎,0,九州・沖縄,1,1,1,0.263,59,162,137,21,36,4,0,4,52,9,0,4,2,0,19,0,4,17,2,0.369,0.38,0.364,47,88,66,14,24,5,1,1,34,8,4,1,2,2,17,0,1,9,3,0.488,0.515,0.268,91,152,142,17,38,5,0,3,52,16,2,0,0,3,7,0,0,31,2,0.296,0.366
ソフトバンク,明石　健志,1.0,内野手,35,1986/1/9,175,65,B,右左,北海道,0,北海道,1,1,1,0.253,63,172,154,20,39,9,1,2,56,17,4,2,5,1,12,0,0,32,1,0.305,0.364,0.248,99,315,282,31,70,12,3,5,103,21,6,2,5,1,26,1,1,66,6,0.313,0.365,0.282,45,115,103,16,29,5,3,1,43,12,2,1,0,0,11,1,1,21,0,0.357,0.417
ソフトバンク,上林　誠知,1.0,外野手,25,1995/8/1,185,88,O,右左,埼玉,0,関東,1,1,1,0.181,69,178,160,17,29,4,1,6,53,20,8,2,2,1,11,0,4,39,1,0.25,0.331,0.194,99,286,258,28,50,6,2,11,93,31,10,4,6,1,18,2,3,75,2,0.254,0.36,0.27,143,608,551,88,149,26,14,22,269,62,13,4,17,3,30,4,7,117,2,0.315,0.488
ソフトバンク,周東　佑京,0.0,内野手,25,1996/2/10,180,66,A,右左,群馬,0,関東,1,1,0,0.27,103,346,307,48,83,8,7,1,108,27,50,6,11,2,24,0,2,79,2,0.325,0.352,0.196,102,114,102,39,20,3,2,1,30,6,25,5,10,0,2,0,0,27,1,0.212,0.294,,,,,,,,,,,,,,,,,,,,,,
ソフトバンク,牧原　大成,0.0,内野手,28,1992/10/15,172,72,A,右左,福岡,0,九州・沖縄,1,1,1,0.241,77,180,170,25,41,7,2,1,55,8,6,1,4,2,3,0,1,25,2,0.256,0.324,0.242,114,436,409,37,99,14,2,3,126,27,10,13,12,1,10,0,4,85,2,0.267,0.308,0.317,59,264,249,32,79,12,4,3,108,26,9,3,3,2,8,0,2,33,2,0.341,0.434
ソフトバンク,髙谷　裕亮,0.0,捕手,39,1981/11/13,178,83,O,右左,栃木,0,関東,1,1,1,0.25,33,62,52,6,13,3,0,2,22,10,0,0,4,0,4,0,2,19,0,0.328,0.423,0.167,55,42,30,2,5,0,0,1,8,1,0,0,7,0,5,0,0,15,0,0.286,0.267,0.173,73,57,52,5,9,1,0,1,13,4,0,0,3,0,1,0,1,11,1,0.204,0.25
ソフトバンク,髙田　知季,0.0,内野手,30,1990/5/6,176,68,O,右左,兵庫,0,関西,0,1,1,-,-,-,-,-,-,-,-,-,-,-,-,-,-,-,-,-,-,-,-,-,-,0.157,93,125,115,6,18,1,0,0,19,10,2,0,6,0,3,0,1,36,1,0.185,0.165,0.188,74,153,133,13,25,3,2,2,38,15,2,0,6,0,12,0,2,36,2,0.265,0.286
ソフトバンク,川瀬　晃,0.0,内野手,23,1997/9/15,175,69,B,右左,大分,0,九州・沖縄,1,1,1,0.191,70,164,141,12,27,6,1,0,35,10,2,1,10,1,11,0,1,26,0,0.253,0.248,0.176,29,37,34,1,6,0,0,0,6,1,1,1,2,0,1,0,0,5,1,0.2,0.176,0.188,13,36,32,3,6,1,0,0,7,2,1,0,2,0,2,0,0,9,2,0.235,0.219
ソフトバンク,釜元　豪,0.0,外野手,27,1993/9/3,180,81,B,右左,長崎,0,九州・沖縄,1,1,1,0.192,32,29,26,5,5,0,0,0,5,2,3,0,0,0,3,0,0,10,1,0.276,0.192,0.22,86,189,173,18,38,2,1,4,54,11,11,1,4,0,12,0,0,56,2,0.27,0.312,0,6,5,5,0,0,0,0,0,0,0,0,1,0,0,0,0,0,2,0,0,0
ソフトバンク,海野　隆司,0.0,捕手,23,1997/7/15,174,78,O,右右,岡山,0,中国,1,0,0,0,5,4,4,0,0,0,0,0,0,0,0,0,0,0,0,0,0,2,0,0,0,,,,,,,,,,,,,,,,,,,,,,,,,,,,,,,,,,,,,,,,,,,,
ソフトバンク,真砂　勇介,0.0,外野手,26,1994/5/4,185,87,B,右右,京都,0,関西,1,1,1,0.314,50,41,35,9,11,2,1,1,18,6,2,2,0,0,4,0,2,11,0,0.415,0.514,0.143,12,23,21,4,3,0,0,0,3,1,2,0,1,0,1,0,0,11,0,0.182,0.143,0,1,0,0,1,0,0,0,0,0,0,0,0,0,0,0,0,0,0,0,0,0
ソフトバンク,柳町　達,0.0,外野手,23,1997/4/20,180,78,B,右左,茨城,0,関東,1,0,0,0.25,12,6,4,0,1,0,0,0,1,1,0,0,1,0,1,0,0,0,0,0.4,0.25,,,,,,,,,,,,,,,,,,,,,,,,,,,,,,,,,,,,,,,,,,,,
ソフトバンク,三森　大貴,0.0,内野手,22,1999/2/21,186,73,A,右左,埼玉,0,関東,1,1,0,0.163,24,46,43,4,7,2,0,0,9,2,1,1,1,0,1,0,1,17,0,0.2,0.209,0.208,24,51,48,7,10,2,2,0,16,1,3,2,0,0,2,0,1,17,0,0.255,0.333,-,-,-,-,-,-,-,-,-,-,-,-,-,-,-,-,-,-,-,-,-,-
ソフトバンク,リチャード,0.0,内野手,21,1999/6/18,189,119,O,右右,沖縄,0,九州・沖縄,0,0,0,-,-,-,-,-,-,-,-,-,-,-,-,-,-,-,-,-,-,-,-,-,-,,,,,,,,,,,,,,,,,,,,,,,,,,,,,,,,,,,,,,,,,,,,
ソフトバンク,増田　珠,0.0,内野手,21,1999/5/21,179,84,O,右右,長崎,0,九州・沖縄,0,1,0,-,-,-,-,-,-,-,-,-,-,-,-,-,-,-,-,-,-,-,-,-,-,0,2,4,4,0,0,0,0,0,0,0,0,0,0,0,0,0,0,1,0,0,0,-,-,-,-,-,-,-,-,-,-,-,-,-,-,-,-,-,-,-,-,-,-
ソフトバンク,野村　大樹,0.0,内野手,20,2000/9/10,171,83,O,右右,兵庫,0,関西,0,1,0,-,-,-,-,-,-,-,-,-,-,-,-,-,-,-,-,-,-,-,-,-,-,0.5,2,2,2,0,1,0,0,0,1,0,0,0,0,0,0,0,0,0,0,0.5,0.5,,,,,,,,,,,,,,,,,,,,,,
ソフトバンク,谷川原　健太,0.0,捕手,23,1997/4/16,174,85,B,右左,愛知,0,中部,0,0,0,-,-,-,-,-,-,-,-,-,-,-,-,-,-,-,-,-,-,-,-,-,-,-,-,-,-,-,-,-,-,-,-,-,-,-,-,-,-,-,-,-,-,-,-,-,-,-,-,-,-,-,-,-,-,-,-,-,-,-,-,-,-,-,-,-,-
ソフトバンク,笹川　吉康,0.0,外野手,18,2002/5/31,193,85,A,左左,神奈川,0,関東,0,0,0,,,,,,,,,,,,,,,,,,,,,,,,,,,,,,,,,,,,,,,,,,,,,,,,,,,,,,,,,,,,,,,,,,
ソフトバンク,川原田　純平,0.0,内野手,18,2002/5/21,170,72,O,右右,岩手,0,東北,0,0,0,,,,,,,,,,,,,,,,,,,,,,,,,,,,,,,,,,,,,,,,,,,,,,,,,,,,,,,,,,,,,,,,,,
ソフトバンク,水谷　瞬,0.0,外野手,20,2001/3/9,193,95,A,右右,愛知,0,中部,0,0,0,-,-,-,-,-,-,-,-,-,-,-,-,-,-,-,-,-,-,-,-,-,-,-,-,-,-,-,-,-,-,-,-,-,-,-,-,-,-,-,-,-,-,-,-,,,,,,,,,,,,,,,,,,,,,,
ソフトバンク,黒瀬　健太,0.0,内野手,23,1997/8/12,181,97,O,右右,大阪,0,関西,0,0,0,,,,,,,,,,,,,,,,,,,,,,,,,,,,,,,,,,,,,,,,,,,,,-,-,-,-,-,-,-,-,-,-,-,-,-,-,-,-,-,-,-,-,-,-
ソフトバンク,小林　珠維,0.0,内野手,19,2001/5/7,183,87,A,右右,北海道,0,北海道,0,0,0,-,-,-,-,-,-,-,-,-,-,-,-,-,-,-,-,-,-,-,-,-,-,,,,,,,,,,,,,,,,,,,,,,,,,,,,,,,,,,,,,,,,,,,,
ソフトバンク,緒方　理貢,0.0,内野手,22,1998/9/22,175,71,A,右左,宮崎,0,九州・沖縄,0,0,0,,,,,,,,,,,,,,,,,,,,,,,,,,,,,,,,,,,,,,,,,,,,,,,,,,,,,,,,,,,,,,,,,,
ソフトバンク,渡邉　陸,0.0,捕手,20,2000/9/24,187,84,A,右左,熊本,0,九州・沖縄,0,0,0,,,,,,,,,,,,,,,,,,,,,,,,,,,,,,,,,,,,,,,,,,,,,,,,,,,,,,,,,,,,,,,,,,
ソフトバンク,石塚　綜一郎,0.0,捕手,19,2001/6/7,181,84,B,右右,秋田,0,東北,0,0,0,,,,,,,,,,,,,,,,,,,,,,,,,,,,,,,,,,,,,,,,,,,,,,,,,,,,,,,,,,,,,,,,,,
ソフトバンク,荒木　翔太,0.0,内野手,20,2001/4/5,184,84,A,右右,熊本,0,九州・沖縄,0,0,0,,,,,,,,,,,,,,,,,,,,,,,,,,,,,,,,,,,,,,,,,,,,,,,,,,,,,,,,,,,,,,,,,,
ソフトバンク,早　真之介,0.0,外野手,18,2002/9/11,181,78,O,左左,滋賀,0,関西,0,0,0,,,,,,,,,,,,,,,,,,,,,,,,,,,,,,,,,,,,,,,,,,,,,,,,,,,,,,,,,,,,,,,,,,
ソフトバンク,勝連　大稀,0.0,内野手,19,2001/4/30,175,67,B,右左,沖縄,0,九州・沖縄,0,0,0,,,,,,,,,,,,,,,,,,,,,,,,,,,,,,,,,,,,,,,,,,,,,,,,,,,,,,,,,,,,,,,,,,
ソフトバンク,伊藤　大将,0.0,内野手,19,2001/7/27,179,85,A,右右,大阪,0,関西,0,0,0,,,,,,,,,,,,,,,,,,,,,,,,,,,,,,,,,,,,,,,,,,,,,,,,,,,,,,,,,,,,,,,,,,
ソフトバンク,居谷　匠真,0.0,捕手,18,2002/12/30,178,81,O,右右,和歌山,0,関西,0,0,0,,,,,,,,,,,,,,,,,,,,,,,,,,,,,,,,,,,,,,,,,,,,,,,,,,,,,,,,,,,,,,,,,,
ロッテ,レアード,1.0,内野手,33,1987/9/11,185,98,不明,右右,アメリカ,1,海外,1,1,1,0.233,39,147,133,15,31,3,0,6,52,15,0,0,0,1,13,1,0,28,5,0.299,0.391,0.248,139,553,487,59,121,18,0,32,235,89,0,0,0,3,55,2,8,128,18,0.333,0.483,0.233,120,505,450,47,105,14,2,26,201,65,0,1,0,4,44,5,7,124,10,0.309,0.447
ロッテ,福田　秀平,1.0,外野手,32,1989/2/10,182,77,AB,右左,神奈川,0,関東,1,1,1,0.216,62,225,204,20,44,11,1,5,72,19,3,5,4,0,17,2,0,73,3,0.276,0.353,0.259,80,183,166,27,43,8,0,9,78,26,9,3,4,2,11,1,0,48,1,0.302,0.47,0.263,110,128,118,28,31,6,0,7,58,15,6,1,4,0,4,0,2,35,6,0.298,0.492
ロッテ,荻野　貴司,1.0,外野手,35,1985/10/21,172,75,O,右右,奈良,0,関西,1,1,1,0.291,53,236,203,30,59,17,0,1,79,10,19,4,6,1,24,0,2,23,2,0.37,0.389,0.315,125,569,508,76,160,35,7,10,239,46,28,10,9,4,40,1,8,56,4,0.371,0.47,0.287,78,351,317,52,91,15,3,2,118,25,20,6,9,3,13,0,9,25,6,0.33,0.372
ロッテ,角中　勝也,1.0,外野手,33,1987/5/25,180,85,A,右左,石川,0,中部,1,1,1,0.244,84,254,217,21,53,9,3,2,74,15,2,0,7,1,24,0,5,41,7,0.332,0.341,0.258,108,435,368,47,95,17,1,8,138,48,2,2,3,4,55,2,5,63,10,0.359,0.375,0.265,112,470,411,44,109,23,2,7,157,57,3,3,0,6,48,2,5,63,9,0.345,0.382
ロッテ,田村　龍弘,1.0,捕手,26,1994/5/13,172,81,A,右右,大阪,0,関西,1,1,1,0.217,92,237,203,12,44,7,0,4,63,23,1,1,10,1,20,0,3,45,3,0.295,0.31,0.243,100,321,284,30,69,12,1,3,92,31,1,2,12,3,22,0,0,59,8,0.294,0.324,0.239,143,476,415,32,99,14,7,3,136,35,3,3,16,2,40,1,3,68,13,0.309,0.328
ロッテ,清田　育宏,1.0,外野手,35,1986/2/11,180,85,A,右右,千葉,0,関東,1,1,1,0.278,70,209,180,18,50,13,0,7,84,23,0,0,5,0,22,2,2,52,6,0.363,0.467,0.253,117,377,336,49,85,8,2,10,127,57,1,3,2,2,35,1,2,77,6,0.325,0.378,0.226,96,303,261,18,59,10,1,2,77,27,2,2,6,4,32,3,0,63,8,0.306,0.295
ロッテ,井上　晴哉,1.0,内野手,31,1989/7/3,180,114,A,右右,広島,0,中国,1,1,1,0.245,113,447,376,44,92,11,0,15,148,67,0,0,0,4,59,2,8,93,11,0.356,0.394,0.252,129,509,429,60,108,16,1,24,198,65,0,0,0,3,67,1,9,98,10,0.362,0.462,0.292,133,548,476,59,139,26,2,24,241,99,1,0,0,6,63,0,3,106,7,0.374,0.506
ロッテ,藤岡　裕大,0.0,内野手,27,1993/8/8,178,77,O,右左,岡山,0,中国,1,1,1,0.229,106,370,314,34,72,11,2,4,99,33,8,2,16,2,36,1,1,60,5,0.309,0.315,0.264,81,278,250,36,66,14,1,2,88,21,3,1,10,2,16,0,0,33,4,0.306,0.352,0.23,143,611,535,58,123,15,5,5,163,42,14,13,26,1,44,1,5,97,9,0.294,0.305
ロッテ,菅野　剛士,0.0,外野手,27,1993/5/6,171,83,A,右左,東京,0,関東,1,1,1,0.26,81,275,223,24,58,10,3,2,80,20,1,3,5,0,45,0,2,55,7,0.389,0.359,0.197,28,73,66,7,13,2,0,3,24,7,0,0,0,0,6,0,1,11,0,0.274,0.364,0.176,53,161,131,15,23,3,2,2,36,18,1,0,4,1,20,0,5,27,4,0.306,0.275
ロッテ,加藤　翔平,0.0,外野手,30,1991/3/28,183,84,AB,右両,埼玉,0,関東,1,1,1,0.3,22,79,70,13,21,5,1,0,28,3,3,2,0,0,8,0,1,15,0,0.38,0.4,0.202,60,120,109,12,22,3,1,4,39,9,4,2,2,0,7,0,2,32,2,0.263,0.358,0.231,69,132,121,12,28,6,2,0,38,9,7,0,4,1,5,0,1,25,3,0.266,0.314
ロッテ,岡　大海,0.0,外野手,29,1991/7/15,185,80,B,右右,岡山,0,中国,1,1,1,0.143,62,64,56,12,8,0,0,0,8,2,7,3,1,0,7,0,0,18,1,0.238,0.143,0.227,95,182,154,36,35,8,1,6,63,16,13,1,3,1,18,1,6,32,5,0.33,0.409,0.204,51,166,142,19,29,5,0,3,43,13,7,2,2,2,15,0,5,30,3,0.299,0.303
ロッテ,三木　亮,0.0,内野手,29,1991/10/25,175,78,A,右右,大阪,0,関西,1,1,1,0.25,22,5,4,1,1,0,0,0,1,0,0,0,1,0,0,0,0,2,0,0.25,0.25,0.214,89,145,126,20,27,3,0,2,36,15,5,0,8,1,6,0,4,38,1,0.27,0.286,0.235,66,41,34,11,8,1,0,0,9,4,3,0,5,0,1,0,1,8,2,0.278,0.265
ロッテ,藤原　恭大,0.0,外野手,20,2000/5/6,181,80,B,左左,大阪,0,関西,1,1,0,0.26,26,105,96,10,25,5,0,3,39,10,4,1,2,1,6,0,0,33,1,0.301,0.406,0.105,6,19,19,0,2,0,0,0,2,2,0,0,0,0,0,0,0,6,0,0.105,0.105,,,,,,,,,,,,,,,,,,,,,,
ロッテ,柿沼　友哉,0.0,捕手,27,1993/5/12,180,82,A,右右,茨城,0,関東,1,1,1,0.16,56,129,106,6,17,1,0,0,18,9,0,0,15,0,5,0,3,31,2,0.219,0.17,0.167,34,73,54,5,9,0,0,1,12,2,0,0,10,0,4,0,5,20,0,0.286,0.222,0,2,3,3,0,0,0,0,0,0,0,0,0,0,0,0,0,0,0,0,0,0
ロッテ,佐藤　都志也,0.0,捕手,23,1998/1/27,181,86,B,右左,福島,0,東北,1,0,0,0.228,60,127,114,6,26,4,0,2,36,12,0,0,2,0,9,0,2,25,1,0.296,0.316,,,,,,,,,,,,,,,,,,,,,,,,,,,,,,,,,,,,,,,,,,,,
ロッテ,鳥谷　敬,0.0,内野手,39,1981/6/26,180,79,B,右左,東京,0,関東,1,1,1,0.139,42,39,36,5,5,2,0,0,7,6,0,1,0,0,1,0,2,8,0,0.205,0.194,0.207,74,105,92,9,19,3,1,0,24,4,1,0,1,0,12,0,0,16,2,0.298,0.261,0.232,121,261,220,15,51,11,0,1,65,22,1,1,3,3,34,3,1,37,6,0.333,0.295
ロッテ,江村　直也,0.0,捕手,28,1992/5/6,176,80,B,右右,広島,0,中国,1,1,1,0,5,6,6,0,0,0,0,0,0,0,0,0,0,0,0,0,0,1,0,0,0,0.097,23,35,31,3,3,0,0,1,6,4,0,0,2,0,2,0,0,10,2,0.152,0.194,0.063,35,18,16,0,1,0,0,0,1,0,0,0,1,0,1,0,0,5,1,0.118,0.063
ロッテ,小川　龍成,0.0,内野手,23,1998/4/5,171,72,O,右左,群馬,0,関東,0,0,0,,,,,,,,,,,,,,,,,,,,,,,,,,,,,,,,,,,,,,,,,,,,,,,,,,,,,,,,,,,,,,,,,,
ロッテ,髙部　瑛斗,0.0,外野手,23,1997/12/11,178,72,A,右左,神奈川,0,関東,1,0,0,0.1,5,11,10,0,1,0,0,0,1,0,0,0,1,0,0,0,0,4,0,0.1,0.1,,,,,,,,,,,,,,,,,,,,,,,,,,,,,,,,,,,,,,,,,,,,
ロッテ,和田　康士朗,0.0,外野手,22,1999/1/14,185,77,B,左左,埼玉,0,関東,1,0,0,0.203,71,69,59,24,12,1,0,0,13,0,23,3,3,0,6,0,1,23,0,0.288,0.22,,,,,,,,,,,,,,,,,,,,,,,,,,,,,,,,,,,,,,,,,,,,
ロッテ,福田　光輝,0.0,内野手,23,1997/11/16,176,80,A,右左,大阪,0,関西,1,0,0,0.087,15,26,23,2,2,1,0,0,3,0,0,0,0,0,3,1,0,8,0,0.192,0.13,,,,,,,,,,,,,,,,,,,,,,,,,,,,,,,,,,,,,,,,,,,,
ロッテ,西巻　賢二,0.0,内野手,21,1999/4/22,167,70,A,右右,福島,0,東北,1,1,1,0.25,11,19,16,2,4,1,0,0,5,0,0,1,1,0,2,0,0,6,0,0.333,0.313,0,2,1,1,0,0,0,0,0,0,0,0,0,0,0,0,0,0,1,0,0,0,0.247,25,82,77,4,19,3,0,0,22,3,0,0,2,0,3,0,0,18,1,0.275,0.286
ロッテ,宗接　唯人,0.0,捕手,26,1994/7/6,183,90,O,右右,兵庫,0,関西,0,0,1,-,-,-,-,-,-,-,-,-,-,-,-,-,-,-,-,-,-,-,-,-,-,-,-,-,-,-,-,-,-,-,-,-,-,-,-,-,-,-,-,-,-,-,-,0,1,1,1,0,0,0,0,0,0,0,0,0,0,0,0,0,0,1,0,0,0
ロッテ,松田　進,0.0,内野手,26,1994/8/29,188,93,O,右右,神奈川,0,関東,0,1,0,-,-,-,-,-,-,-,-,-,-,-,-,-,-,-,-,-,-,-,-,-,-,0.2,3,6,5,0,1,0,0,0,1,1,0,1,0,0,1,0,0,1,0,0.333,0.2,,,,,,,,,,,,,,,,,,,,,,
ロッテ,茶谷　健太,0.0,内野手,23,1998/1/16,186,90,O,右右,神奈川,0,関東,1,0,0,0.063,31,17,16,1,1,0,0,0,1,0,1,0,1,0,0,0,0,6,0,0.063,0.063,,,,,,,,,,,,,,,,,,,,,,,-,-,-,-,-,-,-,-,-,-,-,-,-,-,-,-,-,-,-,-,-,-
ロッテ,西川　僚祐,0.0,外野手,18,2002/4/19,186,98,A,右右,千葉,0,関東,0,0,0,,,,,,,,,,,,,,,,,,,,,,,,,,,,,,,,,,,,,,,,,,,,,,,,,,,,,,,,,,,,,,,,,,
ロッテ,サントス,0.0,外野手,26,1994/4/20,190,83,不明,右右,ドミニカ共和国,1,海外,0,0,0,,,,,,,,,,,,,,,,,,,,,,,,,,,,,,,,,,,,,,,,,,,,,,,,,,,,,,,,,,,,,,,,,,
ロッテ,植田　将太,0.0,捕手,23,1997/12/18,180,86,AB,右右,大阪,0,関西,0,0,0,,,,,,,,,,,,,,,,,,,,,,,,,,,,,,,,,,,,,,,,,,,,,,,,,,,,,,,,,,,,,,,,,,
ロッテ,山本　大斗,0.0,外野手,18,2002/8/9,180,90,A,右右,鳥取,0,中国,0,0,0,,,,,,,,,,,,,,,,,,,,,,,,,,,,,,,,,,,,,,,,,,,,,,,,,,,,,,,,,,,,,,,,,,
西武,中村　剛也,1.0,内野手,37,1983/8/15,175,102,O,右右,大阪,0,関西,1,1,1,0.213,79,297,258,32,55,14,0,9,96,31,0,1,0,2,34,2,3,75,7,0.31,0.372,0.286,135,557,496,69,142,30,0,30,262,123,2,1,0,3,54,5,4,123,12,0.359,0.528,0.265,97,392,355,53,94,14,1,28,194,74,1,0,0,2,33,0,2,112,11,0.329,0.546
西武,山川　穂高,1.0,内野手,29,1991/11/23,176,103,A,右右,沖縄,0,九州・沖縄,1,1,1,0.205,102,401,322,47,66,7,0,24,145,73,0,0,0,2,64,4,13,100,6,0.357,0.45,0.256,143,626,524,93,134,20,0,43,283,120,1,0,0,3,86,8,13,142,13,0.372,0.54,0.281,143,647,541,115,152,24,1,47,319,124,0,0,0,2,88,2,16,138,5,0.396,0.59
西武,栗山　巧,1.0,外野手,37,1983/9/3,177,85,O,右左,兵庫,0,関西,1,1,1,0.272,111,428,372,37,101,22,0,12,159,67,0,0,0,2,53,2,1,77,10,0.362,0.427,0.252,123,466,409,35,103,21,0,7,145,54,0,0,3,3,48,2,3,100,13,0.333,0.355,0.256,114,363,305,32,78,18,1,8,122,52,1,0,0,3,52,2,3,78,5,0.366,0.4
西武,森　友哉,1.0,捕手,25,1995/8/8,170,85,A,右左,大阪,0,関西,1,1,1,0.251,104,405,358,46,90,15,2,9,136,38,4,2,2,4,38,0,3,67,7,0.325,0.38,0.329,135,573,492,96,162,34,2,23,269,105,3,2,1,6,72,3,2,89,9,0.413,0.547,0.275,136,552,473,67,130,34,2,16,216,80,7,2,0,7,70,2,2,105,3,0.366,0.457
西武,外崎　修汰,1.0,内野手,28,1992/12/20,177,82,O,右右,青森,0,東北,1,1,1,0.247,120,500,433,62,107,18,2,8,153,43,21,7,7,2,54,1,4,87,7,0.335,0.353,0.274,143,621,533,96,146,27,6,26,263,90,22,6,14,6,63,0,5,132,9,0.353,0.493,0.287,119,510,453,70,130,24,3,18,214,67,25,9,6,1,47,0,3,102,9,0.357,0.472
西武,金子　侑司,1.0,外野手,30,1990/4/24,179,76,B,右両,京都,0,関西,1,1,1,0.249,86,338,301,41,75,7,0,3,91,21,14,9,5,3,29,0,0,55,5,0.312,0.302,0.251,133,524,463,60,116,8,1,3,135,33,41,10,6,3,49,1,3,81,3,0.324,0.292,0.223,111,356,310,50,69,7,3,1,85,34,32,11,6,3,34,0,3,53,5,0.303,0.274
西武,メヒア,1.0,内野手,35,1985/12/2,198,118,不明,右右,ベネズエラ,1,海外,1,1,1,0.188,37,85,80,4,15,2,0,2,23,4,1,0,0,0,5,0,0,21,3,0.235,0.288,0.259,56,173,162,13,42,6,0,7,69,17,0,0,0,0,11,3,0,46,2,0.306,0.426,0.268,22,44,41,6,11,2,0,3,22,7,1,1,0,0,2,0,1,12,2,0.318,0.537
西武,スパンジェンバーグ,1.0,内野手,30,1991/3/16,183,89,不明,右左,アメリカ,1,海外,1,0,0,0.268,111,445,407,51,109,26,8,15,196,57,12,2,0,2,32,0,4,150,2,0.326,0.482,,,,,,,,,,,,,,,,,,,,,,,,,,,,,,,,,,,,,,,,,,,,
西武,岡田　雅利,0.0,捕手,31,1989/6/30,173,80,B,右右,奈良,0,関西,1,1,1,0.107,29,65,56,1,6,1,0,0,7,3,0,0,7,0,1,0,1,7,4,0.138,0.125,0.262,36,78,61,8,16,3,1,1,24,7,0,0,6,0,9,0,2,12,1,0.375,0.393,0.272,52,108,92,10,25,3,0,3,37,7,0,1,7,1,7,0,1,17,3,0.327,0.402
西武,渡部　健人,0.0,内野手,22,1998/12/26,176,112,O,右右,神奈川,0,関東,0,0,0,,,,,,,,,,,,,,,,,,,,,,,,,,,,,,,,,,,,,,,,,,,,,,,,,,,,,,,,,,,,,,,,,,
西武,山野辺　翔,0.0,内野手,26,1994/5/24,170,74,AB,右右,東京,0,関東,1,1,0,0.233,53,64,60,11,14,3,0,0,17,4,5,2,0,1,1,0,2,11,2,0.266,0.283,0.071,9,18,14,1,1,1,0,0,2,1,1,0,0,0,2,0,2,4,1,0.278,0.143,,,,,,,,,,,,,,,,,,,,,,
西武,柘植　世那,0.0,捕手,23,1997/6/3,174,88,O,右右,群馬,0,関東,1,0,0,0.184,17,43,38,5,7,0,0,2,13,5,1,0,1,0,4,0,0,14,2,0.262,0.342,,,,,,,,,,,,,,,,,,,,,,,,,,,,,,,,,,,,,,,,,,,,
西武,若林　楽人,0.0,外野手,22,1998/4/13,177,72,B,右右,北海道,0,北海道,0,0,0,,,,,,,,,,,,,,,,,,,,,,,,,,,,,,,,,,,,,,,,,,,,,,,,,,,,,,,,,,,,,,,,,,
西武,鈴木　将平,0.0,外野手,22,1998/5/20,175,78,O,左左,静岡,0,中部,1,1,0,0.207,46,157,140,7,29,4,2,1,40,10,0,2,4,2,10,0,1,24,2,0.261,0.286,0.154,16,28,26,4,4,0,0,0,4,1,1,1,1,0,1,0,0,6,1,0.185,0.154,-,-,-,-,-,-,-,-,-,-,-,-,-,-,-,-,-,-,-,-,-,-
西武,呉　念庭,0.0,内野手,27,1993/6/7,178,75,AB,右左,台湾,0,海外,1,0,1,0.227,51,52,44,5,10,3,0,0,13,5,2,2,2,0,4,0,2,8,1,0.32,0.295,-,-,-,-,-,-,-,-,-,-,-,-,-,-,-,-,-,-,-,-,-,-,0.091,8,11,11,1,1,0,0,0,1,1,0,0,0,0,0,0,0,5,0,0.091,0.091
西武,川越　誠司,0.0,外野手,27,1993/6/30,174,80,A,左左,北海道,0,北海道,1,0,0,0.156,48,74,64,10,10,0,1,2,18,5,0,0,1,0,9,0,0,24,0,0.26,0.281,-,-,-,-,-,-,-,-,-,-,-,-,-,-,-,-,-,-,-,-,-,-,,,,,,,,,,,,,,,,,,,,,,
西武,西川　愛也,0.0,外野手,21,1999/6/10,180,82,A,右左,大阪,0,関西,1,0,0,0.25,3,4,4,0,1,1,0,0,2,2,0,0,0,0,0,0,0,0,0,0.25,0.5,-,-,-,-,-,-,-,-,-,-,-,-,-,-,-,-,-,-,-,-,-,-,-,-,-,-,-,-,-,-,-,-,-,-,-,-,-,-,-,-,-,-,-,-
西武,山村　崇嘉,0.0,内野手,18,2002/9/28,180,86,O,右左,東京,0,関東,0,0,0,,,,,,,,,,,,,,,,,,,,,,,,,,,,,,,,,,,,,,,,,,,,,,,,,,,,,,,,,,,,,,,,,,
西武,高木　渉,0.0,外野手,21,1999/12/6,181,81,B,右左,福岡,0,九州・沖縄,1,1,0,0.175,12,40,40,6,7,1,1,2,16,5,0,0,0,0,0,0,0,8,2,0.175,0.4,0,1,1,1,0,0,0,0,0,0,0,0,0,0,0,0,0,0,0,0,0,0,,,,,,,,,,,,,,,,,,,,,,
西武,ブランドン,0.0,内野手,22,1998/6/15,179,84,O,右右,沖縄,0,九州・沖縄,0,0,0,,,,,,,,,,,,,,,,,,,,,,,,,,,,,,,,,,,,,,,,,,,,,,,,,,,,,,,,,,,,,,,,,,
西武,佐藤　龍世,0.0,内野手,24,1997/1/15,174,88,AB,右右,北海道,0,北海道,0,1,0,-,-,-,-,-,-,-,-,-,-,-,-,-,-,-,-,-,-,-,-,-,-,0.22,52,63,59,6,13,6,0,2,25,7,0,0,1,0,3,0,0,14,1,0.258,0.424,,,,,,,,,,,,,,,,,,,,,,
西武,山田　遥楓,0.0,内野手,24,1996/9/30,180,84,A,右右,佐賀,0,九州・沖縄,1,1,1,0.2,8,5,5,1,1,0,0,0,1,0,0,0,0,0,0,0,0,1,0,0.2,0.2,0.167,4,13,12,2,2,0,0,0,2,0,0,0,0,0,1,0,0,4,1,0.231,0.167,0.059,14,19,17,1,1,0,0,1,4,2,0,0,0,0,1,0,1,6,0,0.158,0.235
西武,仲三河　優太,0.0,外野手,18,2002/10/22,180,90,A,右左,栃木,0,関東,0,0,0,,,,,,,,,,,,,,,,,,,,,,,,,,,,,,,,,,,,,,,,,,,,,,,,,,,,,,,,,,,,,,,,,,
西武,牧野　翔矢,0.0,捕手,20,2001/3/4,178,80,B,右左,石川,0,中部,0,0,0,-,-,-,-,-,-,-,-,-,-,-,-,-,-,-,-,-,-,-,-,-,-,-,-,-,-,-,-,-,-,-,-,-,-,-,-,-,-,-,-,-,-,-,-,,,,,,,,,,,,,,,,,,,,,,
西武,岸　潤一郎,0.0,外野手,24,1996/12/8,174,82,A,右右,兵庫,0,関西,1,0,0,0,5,3,2,0,0,0,0,0,0,0,0,1,0,0,1,0,0,1,0,0.333,0,,,,,,,,,,,,,,,,,,,,,,,,,,,,,,,,,,,,,,,,,,,,
西武,駒月　仁人,0.0,捕手,27,1993/4/21,176,97,O,右右,京都,0,関西,0,1,0,-,-,-,-,-,-,-,-,-,-,-,-,-,-,-,-,-,-,-,-,-,-,0.143,7,7,7,1,1,0,0,0,1,0,0,0,0,0,0,0,0,1,0,0.143,0.143,-,-,-,-,-,-,-,-,-,-,-,-,-,-,-,-,-,-,-,-,-,-
西武,綱島　龍生,0.0,内野手,21,2000/1/21,178,78,A,右左,新潟,0,中部,0,0,0,-,-,-,-,-,-,-,-,-,-,-,-,-,-,-,-,-,-,-,-,-,-,-,-,-,-,-,-,-,-,-,-,-,-,-,-,-,-,-,-,-,-,-,-,-,-,-,-,-,-,-,-,-,-,-,-,-,-,-,-,-,-,-,-,-,-
西武,齊藤　誠人,0.0,捕手,25,1995/8/7,180,86,A,右左,北海道,0,北海道,0,0,0,-,-,-,-,-,-,-,-,-,-,-,-,-,-,-,-,-,-,-,-,-,-,-,-,-,-,-,-,-,-,-,-,-,-,-,-,-,-,-,-,-,-,-,-,,,,,,,,,,,,,,,,,,,,,,
西武,ジョセフ,0.0,外野手,22,1999/3/24,175,88,O,右右,三重,0,関西,0,0,0,,,,,,,,,,,,,,,,,,,,,,,,,,,,,,,,,,,,,,,,,,,,,,,,,,,,,,,,,,,,,,,,,,
西武,長谷川　信哉,0.0,内野手,18,2002/5/17,183,80,B,右右,京都,0,関西,0,0,0,,,,,,,,,,,,,,,,,,,,,,,,,,,,,,,,,,,,,,,,,,,,,,,,,,,,,,,,,,,,,,,,,,
楽天,浅村　栄斗,1.0,内野手,30,1990/11/12,182,90,O,右右,大阪,0,関西,1,1,1,0.28,120,529,432,72,121,25,0,32,242,104,1,1,0,2,91,2,4,111,15,0.408,0.56,0.263,143,635,529,93,139,26,2,33,268,92,1,1,0,9,93,9,4,162,12,0.372,0.507,0.31,143,640,565,104,175,27,0,32,298,127,4,2,0,5,68,4,2,105,18,0.383,0.527
楽天,鈴木　大地,1.0,内野手,31,1989/8/18,175,79,O,右左,静岡,0,中部,1,1,1,0.295,120,546,478,71,141,27,1,4,182,55,1,3,12,3,46,0,7,58,18,0.363,0.381,0.288,140,614,527,76,152,34,4,15,239,68,3,1,13,2,56,0,16,75,11,0.373,0.454,0.266,143,558,477,44,127,27,6,8,190,49,8,4,14,6,44,2,17,55,11,0.346,0.398
楽天,銀次,1.0,内野手,33,1988/2/24,174,78,A,右左,岩手,0,東北,1,1,1,0.236,88,245,212,16,50,8,0,0,58,23,3,2,5,3,23,0,2,28,5,0.313,0.274,0.304,141,590,529,56,161,24,1,5,202,56,2,5,4,1,52,2,4,58,19,0.37,0.382,0.276,139,552,492,45,136,16,5,5,177,48,1,1,6,2,48,3,4,47,7,0.344,0.36
楽天,ディクソン,1.0,内野手,29,1992/1/29,188,97,不明,右右,アメリカ,1,海外,0,0,1,,,,,,,,,,,,,,,,,,,,,,,,,,,,,,,,,,,,,,,,,,,,,0.175,22,60,57,2,10,0,0,1,13,3,0,1,0,0,1,0,2,20,0,0.217,0.228
楽天,茂木　栄五郎,1.0,内野手,27,1994/2/14,171,75,O,右左,東京,0,関東,1,1,1,0.301,73,321,276,43,83,14,4,7,126,33,8,3,0,1,39,0,5,52,4,0.396,0.457,0.282,141,648,568,86,160,28,6,13,239,55,7,5,9,2,66,1,3,121,7,0.358,0.421,0.247,100,413,361,42,89,12,2,7,126,24,12,4,7,1,42,0,2,83,3,0.328,0.349
楽天,カスティーヨ,1.0,外野手,33,1987/7/9,175,93,不明,右右,キューバ,1,海外,0,0,0,,,,,,,,,,,,,,,,,,,,,,,,,,,,,,,,,,,,,,,,,,,,,,,,,,,,,,,,,,,,,,,,,,
楽天,藤田　一也,0.0,内野手,38,1982/7/3,175,75,O,右左,徳島,0,四国,1,1,1,0.2,55,38,35,3,7,1,0,0,8,4,0,0,2,0,1,0,0,5,2,0.222,0.229,0.258,61,136,124,13,32,4,0,2,42,10,1,0,4,0,7,1,1,16,1,0.303,0.339,0.266,90,289,248,19,66,10,1,4,90,16,0,3,17,2,18,0,4,15,4,0.324,0.363
楽天,田中　和基,0.0,外野手,26,1994/8/8,181,75,A,右両,福岡,0,九州・沖縄,1,1,1,0.24,80,282,254,38,61,10,1,8,97,25,6,2,3,1,23,0,1,76,2,0.305,0.382,0.188,59,193,160,22,30,6,2,1,43,9,3,7,5,2,26,1,0,37,3,0.298,0.269,0.265,105,465,423,67,112,11,1,18,179,45,21,6,4,1,37,0,0,101,4,0.323,0.423
楽天,岡島　豪郎,0.0,外野手,31,1989/9/7,176,82,B,右左,群馬,0,関東,1,0,1,0.2,35,85,75,10,15,6,1,0,23,9,0,0,2,0,8,0,0,26,2,0.277,0.307,-,-,-,-,-,-,-,-,-,-,-,-,-,-,-,-,-,-,-,-,-,-,0.19,108,241,216,16,41,10,1,3,62,15,1,1,3,0,22,1,0,54,4,0.265,0.287
楽天,辰己　涼介,0.0,外野手,24,1996/12/27,180,74,A,右左,兵庫,0,関西,1,1,0,0.223,104,282,251,38,56,9,3,8,95,28,11,5,9,0,20,0,2,57,1,0.286,0.378,0.229,124,369,314,42,72,12,2,4,100,25,13,3,10,2,39,1,4,101,4,0.32,0.318,,,,,,,,,,,,,,,,,,,,,,
楽天,太田　光,0.0,捕手,24,1996/10/14,178,76,O,右右,岡山,0,中国,1,1,0,0.2,67,164,130,17,26,10,0,2,42,16,0,1,11,3,18,0,2,38,2,0.301,0.323,0.219,55,112,96,10,21,2,0,1,26,6,1,0,8,0,7,0,1,23,2,0.279,0.271,,,,,,,,,,,,,,,,,,,,,,
楽天,足立　祐一,0.0,捕手,31,1989/9/22,178,83,A,右右,東京,0,関東,1,1,1,0.167,42,66,60,6,10,1,1,1,16,3,0,0,0,0,6,0,0,15,2,0.242,0.267,0.154,21,47,39,4,6,1,0,2,13,4,0,0,5,1,1,0,1,12,0,0.19,0.333,0.111,20,20,18,1,2,0,0,0,2,0,0,0,1,0,1,0,0,4,1,0.158,0.111
楽天,下水流　昂,0.0,外野手,32,1988/4/23,178,88,A,右右,神奈川,0,関東,1,1,1,0.188,20,35,32,1,6,0,1,1,11,5,0,0,0,0,2,0,1,11,0,0.257,0.344,0,2,4,4,0,0,0,0,0,0,0,0,0,0,0,0,0,0,2,1,0,0,0.263,67,89,80,8,21,1,0,4,34,12,0,1,2,0,7,0,0,25,5,0.322,0.425
楽天,内田　靖人,0.0,内野手,25,1995/5/30,185,86,O,右右,福島,0,東北,1,1,1,0.172,38,109,93,9,16,3,0,5,34,18,1,0,0,1,14,0,1,31,5,0.284,0.366,0,2,5,2,0,0,0,0,0,0,0,0,0,0,0,2,0,1,0,0,0.6,0,0.198,58,193,177,16,35,6,0,12,77,25,0,1,0,1,14,0,1,66,4,0.259,0.435
楽天,オコエ　瑠偉,0.0,外野手,23,1997/7/21,185,90,O,右右,東京,0,関東,0,1,1,-,-,-,-,-,-,-,-,-,-,-,-,-,-,-,-,-,-,-,-,-,-,0.182,52,122,110,12,20,4,0,3,33,15,5,1,2,1,6,0,3,29,3,0.242,0.3,0.198,44,117,111,13,22,7,1,2,37,6,2,3,3,0,2,0,1,23,3,0.219,0.333
楽天,小郷　裕哉,0.0,外野手,24,1996/8/3,178,85,O,右左,岡山,0,中国,1,1,0,0.295,58,129,105,23,31,3,0,4,46,12,8,2,3,1,19,0,1,34,0,0.405,0.438,0.172,22,34,29,7,5,2,0,1,10,4,0,0,1,0,4,0,0,11,0,0.273,0.345,,,,,,,,,,,,,,,,,,,,,,
楽天,岩見　雅紀,0.0,外野手,26,1994/7/10,187,108,A,右右,滋賀,0,関西,1,0,1,0.216,16,38,37,2,8,1,1,1,14,4,0,0,0,0,1,0,0,11,2,0.237,0.378,-,-,-,-,-,-,-,-,-,-,-,-,-,-,-,-,-,-,-,-,-,-,0,12,24,24,0,0,0,0,0,0,0,0,0,0,0,0,0,0,14,2,0,0
楽天,山﨑　剛,0.0,内野手,25,1995/12/29,173,74,AB,右左,福岡,0,九州・沖縄,0,1,1,,,,,,,,,,,,,,,,,,,,,,,0.333,16,30,27,4,9,4,0,1,16,2,4,0,3,0,0,0,0,5,0,0.333,0.593,0.232,33,84,82,11,19,3,3,0,28,7,4,1,1,0,1,0,0,13,2,0.241,0.341
楽天,下妻　貴寛,0.0,捕手,26,1994/4/15,186,85,B,右右,山形,0,東北,1,0,0,0.156,43,90,77,5,12,4,0,1,19,9,0,0,11,1,1,0,0,26,0,0.165,0.247,,,,,,,,,,,,,,,,,,,,,,,-,-,-,-,-,-,-,-,-,-,-,-,-,-,-,-,-,-,-,-,-,-
楽天,和田　恋,0.0,外野手,25,1995/9/26,180,93,O,右右,高知,0,四国,1,0,1,0.125,7,17,16,0,2,1,0,0,3,1,0,0,0,0,1,0,0,4,2,0.176,0.188,-,-,-,-,-,-,-,-,-,-,-,-,-,-,-,-,-,-,-,-,-,-,0.125,5,8,8,1,1,0,0,0,1,0,0,0,0,0,0,0,0,4,0,0.125,0.125
楽天,村林　一輝,0.0,内野手,23,1997/10/6,180,73,O,右右,大阪,0,関西,1,1,1,0,3,1,1,0,0,0,0,0,0,0,0,0,0,0,0,0,0,0,0,0,0,0.083,49,25,24,2,2,1,0,0,3,0,0,1,1,0,0,0,0,5,1,0.083,0.125,0.114,28,49,44,3,5,1,0,0,6,2,0,1,2,0,3,0,0,12,2,0.17,0.136
楽天,田中　貴也,0.0,捕手,28,1992/8/27,178,85,O,右左,京都,0,関西,0,1,1,-,-,-,-,-,-,-,-,-,-,-,-,-,-,-,-,-,-,-,-,-,-,0,1,0,0,0,0,0,0,0,0,0,0,0,0,0,0,0,0,0,0,0,0,0,1,0,0,0,0,0,0,0,0,0,0,0,0,0,0,0,0,0,0,0,0
楽天,石原　彪,0.0,捕手,22,1999/3/8,172,96,A,右右,京都,0,関西,1,1,1,0.174,18,24,23,1,4,1,0,0,5,1,0,0,1,0,0,0,0,13,0,0.174,0.217,0,4,7,7,0,0,0,0,0,0,0,0,0,0,0,0,0,0,5,0,0,0,0.2,4,5,5,1,1,0,0,0,1,0,1,0,0,0,0,0,0,2,0,0.2,0.2
楽天,武藤　敦貴,0.0,外野手,19,2001/6/15,178,73,A,左左,福岡,0,九州・沖縄,0,0,0,-,-,-,-,-,-,-,-,-,-,-,-,-,-,-,-,-,-,-,-,-,-,,,,,,,,,,,,,,,,,,,,,,,,,,,,,,,,,,,,,,,,,,,,
楽天,水上　桂,0.0,捕手,19,2001/7/5,172,75,O,右右,兵庫,0,関西,0,0,0,-,-,-,-,-,-,-,-,-,-,-,-,-,-,-,-,-,-,-,-,-,-,,,,,,,,,,,,,,,,,,,,,,,,,,,,,,,,,,,,,,,,,,,,
楽天,入江　大樹,0.0,内野手,18,2002/6/6,185,83,A,右右,大阪,0,関西,0,0,0,,,,,,,,,,,,,,,,,,,,,,,,,,,,,,,,,,,,,,,,,,,,,,,,,,,,,,,,,,,,,,,,,,
楽天,山﨑　真彰,0.0,内野手,25,1995/9/26,182,84,O,右左,東京,0,関東,0,0,0,,,,,,,,,,,,,,,,,,,,,,,,,,,,,,,,,,,,,,,,,,,,,,,,,,,,,,,,,,,,,,,,,,
楽天,澤野　聖悠,0.0,内野手,19,2002/3/9,184,85,A,右左,愛知,0,中部,0,0,0,,,,,,,,,,,,,,,,,,,,,,,,,,,,,,,,,,,,,,,,,,,,,,,,,,,,,,,,,,,,,,,,,,
楽天,江川　侑斗,0.0,捕手,19,2001/6/29,177,81,B,右右,大分,0,九州・沖縄,0,0,0,,,,,,,,,,,,,,,,,,,,,,,,,,,,,,,,,,,,,,,,,,,,,,,,,,,,,,,,,,,,,,,,,,
日本ハム,中田　翔,1.0,内野手,31,1989/4/22,184,106,O,右右,広島,0,中国,1,1,1,0.239,119,506,440,52,105,18,0,31,216,108,1,0,0,9,55,3,2,109,19,0.32,0.491,0.242,124,514,450,55,109,21,0,24,202,80,0,0,0,4,55,4,5,83,16,0.329,0.449,0.265,140,599,540,61,143,32,0,25,250,106,0,1,0,13,43,1,3,81,24,0.316,0.463
日本ハム,近藤　健介,1.0,外野手,27,1993/8/9,171,85,O,右左,千葉,0,関東,1,1,1,0.34,108,467,371,56,126,31,1,5,174,60,4,0,0,5,89,3,2,72,6,0.465,0.469,0.302,138,600,490,74,148,32,5,2,196,59,1,4,0,5,103,3,2,81,11,0.422,0.4,0.323,129,555,462,59,149,29,3,9,211,69,5,0,0,5,87,8,1,90,16,0.427,0.457
日本ハム,王　柏融,1.0,外野手,27,1993/9/9,182,93,不明,右左,台湾,0,海外,1,1,0,0.207,52,95,87,9,18,4,0,2,28,9,0,0,0,1,6,0,1,27,2,0.263,0.322,0.255,88,340,306,18,78,13,0,3,100,35,1,0,0,3,25,1,6,65,6,0.321,0.327,,,,,,,,,,,,,,,,,,,,,,
日本ハム,大田　泰示,1.0,外野手,30,1990/6/9,188,93,O,右右,広島,0,中国,1,1,1,0.275,115,481,455,57,125,16,1,14,185,68,3,3,0,0,25,1,1,105,11,0.314,0.407,0.289,132,594,557,79,161,28,1,20,251,77,6,2,0,5,27,4,5,111,22,0.325,0.451,0.274,104,429,383,56,105,22,4,14,177,59,3,4,0,1,38,0,7,103,11,0.35,0.462
日本ハム,中島　卓也,1.0,内野手,30,1991/1/11,178,75,A,右左,福岡,0,九州・沖縄,1,1,1,0.201,88,191,159,22,32,5,0,0,37,8,11,2,10,0,22,0,0,36,1,0.298,0.233,0.22,120,328,291,39,64,5,1,0,71,16,12,5,12,1,22,0,2,70,2,0.278,0.244,0.261,132,449,391,57,102,11,3,1,122,23,29,5,22,1,35,0,0,88,4,0.321,0.312
日本ハム,Ｒ．ロドリゲス,0.0,内野手,28,1992/4/17,183,81,不明,右右,ドミニカ共和国,1,海外,0,0,0,,,,,,,,,,,,,,,,,,,,,,,,,,,,,,,,,,,,,,,,,,,,,,,,,,,,,,,,,,,,,,,,,,
日本ハム,杉谷　拳士,0.0,内野手,30,1991/2/4,173,78,B,右両,東京,0,関東,1,1,1,0.221,88,161,131,28,29,8,1,2,45,11,4,1,14,0,12,0,4,32,2,0.306,0.344,0.209,83,157,134,15,28,4,1,4,46,12,5,1,6,1,13,1,3,36,2,0.291,0.343,0.231,70,130,104,17,24,4,0,3,37,9,4,2,6,2,12,0,6,20,2,0.339,0.356
日本ハム,鶴岡　慎也,0.0,捕手,39,1981/4/11,176,78,A,右右,鹿児島,0,九州・沖縄,1,1,1,0.294,18,17,17,0,5,0,0,0,5,2,0,0,0,0,0,0,0,2,0,0.294,0.294,0.177,35,69,62,4,11,2,0,1,16,4,0,0,4,0,3,0,0,13,2,0.215,0.258,0.243,101,260,239,13,58,9,0,2,73,22,1,1,4,0,14,0,3,45,5,0.293,0.305
日本ハム,清水　優心,0.0,捕手,24,1996/5/22,185,89,A,右右,山口,0,中国,1,1,1,0.193,69,157,135,13,26,7,0,3,42,16,0,0,12,2,7,0,1,37,5,0.234,0.311,0.259,98,246,216,17,56,8,0,5,79,24,0,1,9,1,19,0,1,51,6,0.321,0.366,0.215,86,242,200,25,43,7,0,7,71,21,0,1,20,1,18,0,3,51,4,0.288,0.355
日本ハム,清宮　幸太郎,0.0,内野手,21,1999/5/25,184,103,O,右左,東京,0,関東,1,1,1,0.19,96,263,226,23,43,9,0,7,73,22,2,0,0,1,33,0,3,59,6,0.3,0.323,0.204,81,278,250,26,51,11,1,7,85,33,0,1,0,4,21,0,3,75,4,0.27,0.34,0.2,53,180,160,17,32,4,2,7,61,18,0,0,0,1,16,2,3,60,1,0.283,0.381
日本ハム,松本　剛,0.0,外野手,27,1993/8/11,180,82,AB,右右,埼玉,0,関東,1,1,1,0.203,84,162,138,19,28,2,2,1,37,11,5,2,11,1,8,1,4,21,1,0.265,0.268,0.333,4,3,3,0,1,0,0,0,1,0,0,0,0,0,0,0,0,0,0,0.333,0.333,0.222,54,139,126,18,28,5,1,1,38,9,2,1,5,1,6,0,1,14,5,0.261,0.302
日本ハム,石井　一成,0.0,内野手,26,1994/5/6,182,80,O,右左,栃木,0,関東,1,1,1,0.179,59,104,95,9,17,4,1,0,23,3,1,1,5,1,3,0,0,13,1,0.202,0.242,0.224,76,226,196,26,44,10,3,4,72,22,2,3,13,1,16,0,0,61,3,0.282,0.367,0.189,69,163,148,17,28,6,2,1,41,4,3,0,2,0,12,0,1,47,0,0.255,0.277
日本ハム,谷口　雄也,0.0,外野手,28,1992/6/1,182,90,B,右左,三重,0,関西,1,1,1,0.222,7,9,9,1,2,1,0,0,3,1,0,0,0,0,0,0,0,3,0,0.222,0.333,0.229,30,50,48,4,11,2,0,2,19,10,0,0,0,0,2,0,0,12,1,0.26,0.396,0,6,6,6,0,0,0,0,0,0,0,0,0,0,0,0,0,0,2,0,0,0
日本ハム,谷内　亮太,0.0,内野手,30,1991/2/3,177,82,B,右右,石川,0,中部,1,1,1,0.313,50,18,16,3,5,0,0,0,5,3,0,0,0,1,1,0,0,3,0,0.333,0.313,0.08,24,26,25,1,2,0,0,0,2,1,0,0,0,0,0,0,1,8,2,0.115,0.08,0.222,36,46,45,5,10,3,0,0,13,7,0,0,0,1,0,0,0,9,1,0.217,0.289
日本ハム,淺間　大基,0.0,外野手,24,1996/6/21,183,82,B,右左,東京,0,関東,1,1,1,0.19,42,63,58,3,11,2,0,0,13,1,0,0,2,0,3,0,0,21,1,0.23,0.224,0.207,13,33,29,4,6,2,1,0,10,1,0,0,3,0,1,0,0,5,0,0.233,0.345,0.239,31,99,88,11,21,6,0,3,36,7,1,1,0,0,10,0,1,18,2,0.323,0.409
日本ハム,五十幡　亮汰,0.0,外野手,22,1998/11/27,171,67,B,右左,埼玉,0,関東,0,0,0,,,,,,,,,,,,,,,,,,,,,,,,,,,,,,,,,,,,,,,,,,,,,,,,,,,,,,,,,,,,,,,,,,
日本ハム,石川　亮,0.0,捕手,25,1995/7/20,181,85,O,右右,神奈川,0,関東,1,1,1,0.143,17,22,21,0,3,1,0,0,4,1,0,0,1,0,0,0,0,8,0,0.143,0.19,0.2,46,86,75,3,15,3,0,0,18,3,0,0,9,0,2,0,0,29,2,0.221,0.24,0.22,32,57,50,4,11,3,0,0,14,3,0,0,2,0,4,0,1,16,1,0.291,0.28
日本ハム,野村　佑希,0.0,内野手,20,2000/6/26,187,91,O,右右,アメリカ,1,海外,1,0,0,0.257,21,76,74,8,19,3,2,3,35,18,0,0,0,0,1,0,1,17,1,0.276,0.473,-,-,-,-,-,-,-,-,-,-,-,-,-,-,-,-,-,-,-,-,-,-,,,,,,,,,,,,,,,,,,,,,,
日本ハム,今川　優馬,0.0,外野手,24,1997/1/25,177,87,A,右右,北海道,0,北海道,0,0,0,,,,,,,,,,,,,,,,,,,,,,,,,,,,,,,,,,,,,,,,,,,,,,,,,,,,,,,,,,,,,,,,,,
日本ハム,片岡　奨人,0.0,外野手,23,1997/11/16,184,81,O,右左,北海道,0,北海道,0,0,0,-,-,-,-,-,-,-,-,-,-,-,-,-,-,-,-,-,-,-,-,-,-,,,,,,,,,,,,,,,,,,,,,,,,,,,,,,,,,,,,,,,,,,,,
日本ハム,梅林　優貴,0.0,捕手,23,1998/3/14,173,82,A,右右,広島,0,中国,0,0,0,-,-,-,-,-,-,-,-,-,-,-,-,-,-,-,-,-,-,-,-,-,-,,,,,,,,,,,,,,,,,,,,,,,,,,,,,,,,,,,,,,,,,,,,
日本ハム,髙濱　祐仁,0.0,内野手,24,1996/8/8,185,90,B,右右,佐賀,0,九州・沖縄,1,0,0,0.316,10,23,19,4,6,0,0,0,6,0,0,0,2,0,2,0,0,6,0,0.381,0.316,-,-,-,-,-,-,-,-,-,-,-,-,-,-,-,-,-,-,-,-,-,-,-,-,-,-,-,-,-,-,-,-,-,-,-,-,-,-,-,-,-,-,-,-
日本ハム,万波　中正,0.0,外野手,21,2000/4/7,192,97,A,右右,東京,0,関東,0,1,0,-,-,-,-,-,-,-,-,-,-,-,-,-,-,-,-,-,-,-,-,-,-,0,2,4,4,0,0,0,0,0,0,0,0,0,0,0,0,0,0,2,0,0,0,,,,,,,,,,,,,,,,,,,,,,
日本ハム,田宮　裕涼,0.0,捕手,20,2000/6/13,175,82,A,右左,千葉,0,関東,1,0,0,0.429,4,7,7,1,3,0,0,0,3,0,1,0,0,0,0,0,0,2,0,0.429,0.429,-,-,-,-,-,-,-,-,-,-,-,-,-,-,-,-,-,-,-,-,-,-,,,,,,,,,,,,,,,,,,,,,,
日本ハム,上野　響平,0.0,内野手,19,2001/4/26,172,73,A,右右,大阪,0,関西,0,0,0,-,-,-,-,-,-,-,-,-,-,-,-,-,-,-,-,-,-,-,-,-,-,,,,,,,,,,,,,,,,,,,,,,,,,,,,,,,,,,,,,,,,,,,,
日本ハム,樋口　龍之介,0.0,内野手,26,1994/7/4,168,91,A,右右,神奈川,0,関東,1,0,0,0.14,25,64,50,4,7,0,0,1,10,1,0,0,4,0,9,0,1,15,2,0.283,0.2,,,,,,,,,,,,,,,,,,,,,,,,,,,,,,,,,,,,,,,,,,,,
日本ハム,難波　侑平,0.0,内野手,21,1999/5/6,178,81,B,右左,岡山,0,中国,0,0,0,-,-,-,-,-,-,-,-,-,-,-,-,-,-,-,-,-,-,-,-,-,-,-,-,-,-,-,-,-,-,-,-,-,-,-,-,-,-,-,-,-,-,-,-,-,-,-,-,-,-,-,-,-,-,-,-,-,-,-,-,-,-,-,-,-,-
日本ハム,今井　順之助,0.0,内野手,22,1998/5/25,176,91,A,右左,岐阜,0,中部,0,1,0,-,-,-,-,-,-,-,-,-,-,-,-,-,-,-,-,-,-,-,-,-,-,0.143,2,7,7,0,1,0,0,0,1,1,0,0,0,0,0,0,0,2,0,0.143,0.143,-,-,-,-,-,-,-,-,-,-,-,-,-,-,-,-,-,-,-,-,-,-
日本ハム,姫野　優也,0.0,外野手,24,1997/4/2,184,83,B,右右,大阪,0,関西,0,0,1,-,-,-,-,-,-,-,-,-,-,-,-,-,-,-,-,-,-,-,-,-,-,-,-,-,-,-,-,-,-,-,-,-,-,-,-,-,-,-,-,-,-,-,-,0,2,5,4,0,0,0,0,0,0,0,0,0,0,0,1,0,0,3,1,0.2,0
日本ハム,宮田　輝星,0.0,外野手,23,1997/12/2,177,75,A,右両,鹿児島,0,九州・沖縄,0,0,0,,,,,,,,,,,,,,,,,,,,,,,,,,,,,,,,,,,,,,,,,,,,,,,,,,,,,,,,,,,,,,,,,,
オリックス,ジョーンズ,1.0,外野手,35,1985/8/1,188,98,不明,右右,アメリカ,1,海外,1,0,0,0.258,87,338,302,29,78,12,0,12,126,43,1,0,0,2,32,0,2,66,9,0.331,0.417,,,,,,,,,,,,,,,,,,,,,,,,,,,,,,,,,,,,,,,,,,,,
オリックス,吉田　正尚,1.0,外野手,27,1993/7/15,173,85,B,右左,福井,0,中部,1,1,1,0.35,120,492,408,55,143,22,1,14,209,64,8,5,0,4,72,17,8,29,6,0.453,0.512,0.322,143,610,521,92,168,24,2,29,283,85,5,1,0,5,79,12,5,64,12,0.413,0.543,0.321,143,598,514,77,165,37,2,26,284,86,3,1,0,8,69,10,7,74,9,0.403,0.553
オリックス,ロメロ,1.0,外野手,32,1988/10/17,188,100,不明,右右,アメリカ,1,海外,1,1,1,0.272,103,404,356,46,97,19,2,24,192,63,0,0,0,2,38,5,8,108,8,0.354,0.539,0.305,81,331,295,47,90,15,0,18,159,63,3,3,0,6,25,2,5,83,3,0.363,0.539,0.237,119,501,443,63,105,18,1,25,200,63,7,2,0,6,42,2,10,114,10,0.313,0.451
オリックス,Ｔ－岡田,1.0,外野手,33,1988/2/9,187,100,B,左左,大阪,0,関西,1,1,1,0.256,100,377,328,36,84,18,0,16,150,55,5,3,0,5,40,1,4,87,11,0.34,0.457,0.12,20,56,50,4,6,0,0,1,9,2,0,0,0,0,6,0,0,19,3,0.214,0.18,0.225,97,333,298,31,67,11,0,13,117,43,2,2,0,2,31,5,2,82,9,0.3,0.393
オリックス,モヤ,1.0,外野手,29,1991/8/9,201,117,不明,右左,プエルトリコ,1,海外,1,1,1,0.274,46,176,164,20,45,8,2,12,93,38,0,0,0,0,11,1,1,33,7,0.324,0.567,0.227,7,22,22,1,5,0,0,1,8,3,0,0,0,0,0,0,0,7,0,0.227,0.364,0.301,46,101,93,5,28,4,0,3,41,16,0,1,0,1,6,1,1,25,1,0.347,0.441
オリックス,若月　健矢,0.0,捕手,25,1995/10/4,179,90,O,右右,埼玉,0,関東,1,1,1,0.24,75,215,192,14,46,12,0,3,67,19,2,0,8,1,9,0,5,40,4,0.29,0.349,0.178,138,348,298,21,53,9,0,1,65,21,2,0,25,0,21,1,4,73,4,0.241,0.218,0.245,114,302,269,22,66,9,2,1,82,27,1,0,23,1,7,0,2,80,6,0.269,0.305
オリックス,福田　周平,0.0,内野手,28,1992/8/8,167,69,A,右左,大阪,0,関西,1,1,1,0.258,76,312,260,33,67,12,4,0,87,24,13,5,3,3,43,0,3,44,5,0.366,0.335,0.25,135,583,492,65,123,13,5,2,152,38,30,14,19,2,62,0,8,57,7,0.342,0.309,0.264,113,345,295,39,78,8,4,1,97,15,16,9,16,0,31,0,3,33,2,0.34,0.329
オリックス,伏見　寅威,0.0,捕手,30,1990/5/12,182,87,AB,右右,北海道,0,北海道,1,1,1,0.259,71,198,189,14,49,7,2,6,78,23,0,0,2,1,6,0,0,35,4,0.281,0.413,0.164,39,72,61,4,10,0,0,1,13,9,0,1,0,1,8,1,2,16,2,0.278,0.213,0.274,76,201,186,16,51,14,1,1,70,17,0,0,1,0,12,0,2,39,6,0.325,0.376
オリックス,松井　雅人,0.0,捕手,33,1987/11/19,179,81,A,右左,群馬,0,関東,1,1,1,0.222,23,40,36,5,8,2,0,1,13,4,0,0,0,0,3,0,1,7,2,0.3,0.361,0.212,20,39,33,3,7,2,0,0,9,2,0,0,2,0,4,0,0,12,1,0.297,0.273,0.229,92,260,218,18,50,7,1,2,65,22,0,0,7,3,30,9,2,51,5,0.324,0.298
オリックス,中川　圭太,0.0,内野手,24,1996/4/12,180,76,B,右右,大阪,0,関西,1,1,0,0.146,45,155,144,15,21,3,0,2,30,13,3,2,1,1,9,0,0,25,5,0.195,0.208,0.288,111,396,364,39,105,21,2,3,139,32,9,5,4,2,25,1,1,62,6,0.334,0.382,,,,,,,,,,,,,,,,,,,,,,
オリックス,西野　真弘,0.0,内野手,30,1990/8/2,167,68,O,右左,東京,0,関東,1,1,1,0.246,23,77,69,10,17,3,0,0,20,3,0,0,3,0,5,0,0,10,1,0.297,0.29,0.241,56,188,166,21,40,5,1,1,50,14,1,0,3,1,16,0,2,24,1,0.314,0.301,0.293,60,207,188,21,55,8,4,0,71,16,7,3,6,1,12,1,0,28,5,0.333,0.378
オリックス,小田　裕也,0.0,外野手,31,1989/11/4,172,75,O,右左,熊本,0,九州・沖縄,1,1,1,0.239,87,94,88,19,21,3,2,1,31,7,4,2,3,0,2,0,1,23,1,0.264,0.352,0.206,82,203,180,21,37,5,2,3,55,21,9,5,3,2,12,0,6,47,0,0.275,0.306,0.287,90,164,143,25,41,5,1,2,54,15,10,2,3,3,12,0,3,38,4,0.348,0.378
オリックス,宗　佑磨,0.0,外野手,24,1996/6/7,181,83,B,右左,東京,0,関東,1,1,1,0.225,72,203,182,16,41,10,1,1,56,9,5,5,5,0,10,0,6,32,2,0.288,0.308,0.27,54,177,148,16,40,6,1,2,54,14,7,3,4,1,13,0,11,30,4,0.37,0.365,0.233,74,289,266,28,62,16,3,5,99,22,3,2,4,1,15,1,3,53,1,0.281,0.372
オリックス,佐野　皓大,0.0,外野手,24,1996/9/2,182,73,A,右両,大分,0,九州・沖縄,1,1,1,0.214,77,162,140,22,30,5,3,0,41,3,20,4,13,0,9,0,0,37,2,0.262,0.293,0.207,68,130,121,22,25,5,1,1,35,9,12,3,3,0,5,0,1,43,2,0.244,0.289,0,1,0,0,1,0,0,0,0,0,0,0,0,0,0,0,0,0,0,0,0,0
オリックス,山足　達也,0.0,内野手,27,1993/10/26,174,76,AB,右右,大阪,0,関西,1,1,1,0.219,63,105,96,21,21,5,0,1,29,5,3,1,6,0,2,0,1,13,0,0.242,0.302,0.164,28,64,61,3,10,0,1,1,15,8,0,1,0,0,2,0,1,12,1,0.203,0.246,0.167,25,72,60,8,10,2,0,1,15,7,2,0,2,0,7,0,3,15,2,0.286,0.25
オリックス,西村　凌,0.0,外野手,25,1996/2/21,178,84,O,右右,滋賀,0,関西,1,1,1,0.161,29,76,62,7,10,2,0,1,15,3,2,2,5,0,9,0,0,12,0,0.268,0.242,0.265,19,53,49,3,13,3,0,2,22,4,2,0,2,0,2,0,0,10,1,0.294,0.449,0.193,31,93,88,9,17,4,0,2,27,8,2,0,1,1,3,0,0,27,1,0.217,0.307
オリックス,太田　椋,0.0,内野手,20,2001/2/14,181,81,B,右右,大阪,0,関西,1,1,0,0.259,20,61,54,6,14,2,0,3,25,5,0,0,2,0,4,0,1,19,0,0.322,0.463,0,6,16,13,1,0,0,0,0,0,0,0,0,0,0,2,0,1,7,0,0.188,0,,,,,,,,,,,,,,,,,,,,,,
オリックス,頓宮　裕真,0.0,捕手,24,1996/11/17,182,103,AB,右右,岡山,0,中国,1,1,0,0.313,12,35,32,5,10,3,0,2,19,5,0,0,0,0,3,0,0,11,0,0.371,0.594,0.198,28,93,91,5,18,5,0,3,32,10,0,0,0,1,1,0,0,22,3,0.204,0.352,,,,,,,,,,,,,,,,,,,,,,
オリックス,大下　誠一郎,0.0,内野手,23,1997/11/3,171,89,AB,右右,福岡,0,九州・沖縄,1,0,0,0.216,32,104,88,10,19,6,0,2,31,9,0,1,2,1,8,0,5,15,3,0.314,0.352,,,,,,,,,,,,,,,,,,,,,,,,,,,,,,,,,,,,,,,,,,,,
オリックス,紅林　弘太郎,0.0,内野手,19,2002/2/7,186,94,B,右右,静岡,0,中部,1,0,0,0.235,5,18,17,1,4,0,0,0,4,2,0,0,0,0,1,0,0,4,1,0.278,0.235,,,,,,,,,,,,,,,,,,,,,,,,,,,,,,,,,,,,,,,,,,,,
オリックス,元　謙太,0.0,外野手,18,2002/5/17,186,86,O,右右,岐阜,0,中部,0,0,0,,,,,,,,,,,,,,,,,,,,,,,,,,,,,,,,,,,,,,,,,,,,,,,,,,,,,,,,,,,,,,,,,,
オリックス,宜保　翔,0.0,内野手,20,2000/11/26,176,75,O,右左,沖縄,0,九州・沖縄,1,1,0,0.118,10,18,17,0,2,1,0,0,3,2,0,0,1,0,0,0,0,7,0,0.118,0.176,0.231,8,28,26,0,6,1,0,0,7,0,0,0,0,0,2,0,0,7,0,0.286,0.269,,,,,,,,,,,,,,,,,,,,,,
オリックス,廣澤　伸哉,0.0,内野手,21,1999/8/11,175,74,B,右右,大分,0,九州・沖縄,1,0,0,0.158,23,22,19,2,3,0,0,0,3,0,0,0,3,0,0,0,0,7,0,0.158,0.158,-,-,-,-,-,-,-,-,-,-,-,-,-,-,-,-,-,-,-,-,-,-,-,-,-,-,-,-,-,-,-,-,-,-,-,-,-,-,-,-,-,-,-,-
オリックス,来田　涼斗,0.0,外野手,18,2002/10/16,180,85,A,右左,兵庫,0,関西,0,0,0,,,,,,,,,,,,,,,,,,,,,,,,,,,,,,,,,,,,,,,,,,,,,,,,,,,,,,,,,,,,,,,,,,
オリックス,西浦　颯大,0.0,外野手,21,1999/5/21,178,70,A,右左,熊本,0,九州・沖縄,1,1,1,0.187,49,97,91,13,17,1,0,2,24,4,3,2,1,0,5,0,0,21,1,0.229,0.264,0.195,77,239,220,24,43,8,1,1,56,18,8,3,5,1,13,0,0,56,1,0.239,0.255,0.167,2,7,6,0,1,0,0,0,1,0,1,1,0,0,1,0,0,3,0,0.286,0.167
オリックス,中川　拓真,0.0,捕手,18,2002/7/17,178,87,B,右右,愛知,0,中部,0,0,0,,,,,,,,,,,,,,,,,,,,,,,,,,,,,,,,,,,,,,,,,,,,,,,,,,,,,,,,,,,,,,,,,,
オリックス,フェリペ,0.0,捕手,21,1999/9/4,176,78,O,右右,静岡,0,中部,0,0,0,,,,,,,,,,,,,,,,,,,,,,,,,,,,,,,,,,,,,,,,,,,,,,,,,,,,,,,,,,,,,,,,,,
オリックス,平野　大和,0.0,外野手,19,2001/8/7,177,82,O,右右,宮崎,0,九州・沖縄,0,0,0,,,,,,,,,,,,,,,,,,,,,,,,,,,,,,,,,,,,,,,,,,,,,,,,,,,,,,,,,,,,,,,,,,
オリックス,佐藤　優悟,0.0,外野手,24,1997/4/2,182,90,B,右右,宮城,0,東北,0,0,0,,,,,,,,,,,,,,,,,,,,,,,,,,,,,,,,,,,,,,,,,,,,,,,,,,,,,,,,,,,,,,,,,,
オリックス,古長　拓,0.0,内野手,26,1994/8/5,164,67,O,右右,福島,0,東北,0,0,0,,,,,,,,,,,,,,,,,,,,,,,,,,,,,,,,,,,,,,,,,,,,,,,,,,,,,,,,,,,,,,,,,,
オリックス,鶴見　凌也,0.0,捕手,19,2001/11/22,174,75,O,右右,茨城,0,関東,0,0,0,,,,,,,,,,,,,,,,,,,,,,,,,,,,,,,,,,,,,,,,,,,,,,,,,,,,,,,,,,,,,,,,,,
オリックス,田城　飛翔,0.0,外野手,22,1999/3/19,179,70,B,右左,神奈川,0,関東,0,0,0,,,,,,,,,,,,,,,,,,,,,,,,,,,,,,,,,,,,,,,,,,,,,,,,,,,,,,,,,,,,,,,,,,
オリックス,釣　寿生,0.0,捕手,18,2002/6/30,180,85,O,右右,兵庫,0,関西,0,0,0,,,,,,,,,,,,,,,,,,,,,,,,,,,,,,,,,,,,,,,,,,,,,,,,,,,,,,,,,,,,,,,,,,
